{
  "components/supermarket/products/new": "<div class=\"supermarket-newProducts\">\n    <div class=\"supermarket-newProducts-banner\">\n        <img src=\"{{lang 'supermarket.new_products.image'}}\" alt=\"{{lang 'products.new'}}\">\n    </div>\n    <div class=\"supermarket-newProducts-products\">\n        <div class=\"supermarket-newProducts-products-inner\">\n            {{#unless hide_heading}}\n            <h2 class=\"page-heading\">{{lang 'products.new' }}</h2>\n            {{/unless}}\n\n            {{#if display_type '==' 'carousel'}}\n                {{> components/products/carousel products=products}}\n            {{else if display_type '==' 'grid'}}\n                <ul class=\"productGrid productGrid--maxCol{{ columns }}\" data-product-type=\"new\">\n                    {{#each products}}\n                        <li class=\"product\">\n                            {{>components/products/card \n                                show_compare=../show_compare \n                                show_rating=../settings.show_product_rating\n                                theme_settings=../theme_settings \n                                settings=../settings \n                                customer=../customer}}\n                        </li>\n                    {{/each}}\n                </ul>\n            {{else}}\n                <ul class=\"productList productList--maxCol{{ columns }}\" data-product-type=\"new\">\n                    {{#each products}}\n                        <li class=\"product\">\n                            {{>components/products/list-item \n                            \tsummary=false\n                            \tshow_compare=../show_compare \n                            \tshow_rating=../settings.show_product_rating \n                                theme_settings=../theme_settings \n                                settings=../settings \n                                customer=../customer}}\n                        </li>\n                    {{/each}}\n                </ul>\t\n            {{/if}}\n        </div>\n    </div>\n</div>\n",
  "components/products/carousel": "<section class=\"productCarousel productCarousel--maxCol{{ columns }}\"\n    {{#if settings.data_tag_enabled}} data-list-name=\"{{list}}\"{{/if}}\n    data-slick='{\n        \"dots\": true,\n        \"arrows\": false,\n        \"infinite\": true,\n        \"mobileFirst\": true,\n        \"slidesToShow\": 2,\n        \"slidesToScroll\": 2,\n        \"touchThreshold\": 10,\n        \"autoplay\": false,\n        \"autoplaySpeed\": 3000,\n        \"responsive\": [\n            {\n                \"breakpoint\": 1260,\n                \"settings\": {\n                    \"dots\": false,\n                    \"arrows\": true,\n                    \"slidesToShow\": {{ columns }},\n                    \"slidesToScroll\": {{ columns }}\n                }\n            },\n            {\n                \"breakpoint\": 800,\n                \"settings\": {\n                    \"dots\": false,\n                    \"arrows\": true,\n                    \"slidesToShow\": 4,\n                    \"slidesToScroll\": 4\n                }\n            },\n            {\n                \"breakpoint\": 550,\n                \"settings\": {\n                    \"slidesToShow\": 3,\n                    \"slidesToScroll\": 3\n                }\n            }\n        ]\n    }'\n>\n    {{#each products}}\n    <div class=\"productCarousel-slide\" data-product-id=\"{{id}}\">\n        {{> components/products/card settings=../settings show_rating=../settings.show_product_rating theme_settings=../theme_settings customer=../customer event=\"list\" position=(add @index 1)}}\n    </div>\n    {{/each}}\n</section>\n",
  "components/products/card": "<article class=\"card {{#if alternate}}card--alternate{{/if}} {{#if theme_settings.card_show_border}}_border{{/if}} {{#unless theme_settings.card_show_button}}_hideBtn{{/unless}}\"\" {{#if settings.data_tag_enabled}} data-event-type=\"{{event}}\" data-entity-id=\"{{id}}\" data-product-id=\"{{id}}\" data-position=\"{{position}}\" data-name=\"{{name}}\" data-product-category=\"{{#each category}}{{#if @last}}{{this}}{{else}}{{this}}, {{/if}}{{/each}}\" data-product-brand=\"{{brand.name}}\" data-product-price=\"{{#if price.with_tax}}{{price.with_tax.value}}{{else}}{{price.without_tax.value}}{{/if}}\"  {{/if}}>\n    <figure class=\"card-figure\">\n        {{> components/products/card-badges}}\n        <a href=\"{{url}}\" {{#if settings.data_tag_enabled}} data-event-type=\"product-click\" {{/if}} data-instantload>\n            <div class=\"card-img-container\">\n                {{> components/common/responsive-img\n                    image=image\n                    class=\"card-image\"\n                    fallback_size=theme_settings.productgallery_size\n                    lazyload=theme_settings.lazyload_mode\n                    default_image=theme_settings.default_image_product\n                }}\n                {{#if theme_settings.card_showHoverImage}}\n                    {{#each (limit images 2)}}\n                        {{#if @index '>' 0}}\n                            {{> components/common/responsive-img\n                                image=this\n                                class=\"card-image\"\n                                fallback_size=../../theme_settings.productgallery_size\n                                lazyload=../../theme_settings.lazyload_mode\n                                default_image=../../theme_settings.default_image_product\n                            }}\n                        {{/if}}\n                    {{/each}}\n                {{/if}}\n            </div>\n        </a>\n        <figcaption class=\"card-figcaption\">\n            <div class=\"card-figcaption-body\">\n                <div class=\"card-buttons card-buttons--alt\">\n                    {{#unless hide_product_quick_view}}\n                        {{#if theme_settings.show_product_quick_view}}\n                            <a class=\"button card-figcaption-button quickview\" tabindex=\"0\" {{#if settings.data_tag_enabled}} data-event-type=\"product-click\" {{/if}} data-product-id=\"{{id}}\"><svg class=\"icon\"><use xlink:href=\"#icon-bs-search\"></use></svg>{{lang 'products.quick_view'}}</a>\n                        {{/if}}\n                    {{/unless}}\n                    {{#if show_compare}}\n                        <button type=\"button\" tabindex=\"0\" class=\"button card-figcaption-button _compare2\" \n                            data-compare-id=\"{{id}}\"\n                            data-compare-image=\"{{getImage image 'productthumb_size' (cdn theme_settings.default_image_product)}}\"\n                            data-compare-title=\"{{name}}\"\n                        ><svg class=\"icon\"><use xlink:href=\"#icon-compare\"></use></svg>{{lang 'products.compare'}}</button>\n                    {{/if}}\n                </div>\n            </div>\n        </figcaption>\n    </figure>\n    <div class=\"card-body\">\n        <div class=\"card-badges\">\n            {{> components/products/card-badges}}\n        </div>\n        <h3 class=\"card-title\">\n            <a href=\"{{url}}\" data-instantload {{#if settings.data_tag_enabled}} data-event-type=\"product-click\" {{/if}}>{{name}}</a>\n        </h3>\n\n        <div class=\"card-text card-text--brand\" data-test-info-type=\"brandName\">\n            {{#if brand}}\n                {{brand.name}}\n            {{/if}}\n        </div>\n\n        {{#if theme_settings.card_show_swatches}}\n            <div class=\"card-text card-text--colorswatches\"></div>\n        {{/if}}\n\n        {{#all rating show_rating (unless theme_settings.show_yotpo)}}\n            <p class=\"card-text card-text--rating\" data-test-info-type=\"productRating\">\n                <span class=\"rating--small\">\n                    {{> components/products/ratings rating=rating}}\n                </span>\n            </p>\n        {{/all}}\n        {{#if theme_settings.show_yotpo}}\n            <p class=\"card-text card-text--rating\" data-test-info-type=\"productRating\">\n                {{> components/yotpo/ratings}}\n            </p>\n        {{/if}}\n        \n        <div class=\"card-text card-text--price\" data-test-info-type=\"price\">\n            {{#or customer (if theme_settings.restrict_to_login '!==' true)}}\n                {{> components/products/price price=price customer=customer}}\n            {{else}}\n                {{> components/common/login-for-pricing}}\n            {{/or}}\n        </div>\n\n        <div class=\"card-text card-text--summary\" data-test-info-type=\"summary\">\n            {{#if summary}}\n                {{{summary}}}\n            {{/if}}\n        </div>\n    </div>\n    <div class=\"card-footer{{#if theme_settings.card_show_button}} _show{{/if}}\" {{#unless theme_settings.card_show_button}}tabindex=\"0\"{{/unless}}>\n        <div class=\"card-buttons\">\n                {{#or customer (if theme_settings.restrict_to_login '!==' true)}}\n                    {{#if show_cart_action}}\n                        {{#if has_options}}\n                            <div class=\"_qtyAdd\">\n                                {{> components/products/card-qty}}\n                                <a href=\"{{url}}\" target=\"_blank\" data-event-type=\"product-click\" class=\"button button--primary card-figcaption-button{{#unless hide_product_quick_view}}{{#if theme_settings.show_product_quick_view}}{{#if theme_settings.ajax_add_to_cart}} quickview-alt{{/if}}{{/if}}{{/unless}}\" data-product-id=\"{{id}}\">{{lang 'products.choose_options'}}</a>\n                            </div>\n                        {{/if}}\n                        {{#if pre_order}}\n                            <div class=\"_qtyAdd\">\n                                {{> components/products/card-qty}}\n                                <a href=\"{{url}}\" data-event-type=\"product-click\" class=\"button button--primary card-figcaption-button\">{{lang 'products.pre_order'}}</a>\n                            </div>\n                        {{/if}}\n                        {{#if add_to_cart_url }}\n                            <div class=\"_qtyAdd\">\n                                {{> components/products/card-qty}}\n                                <a href=\"{{add_to_cart_url}}\"{{#unless theme_settings.ajax_add_to_cart}} data-event-type=\"product-click\"{{/unless}} class=\"button button--primary card-figcaption-button\"{{#if theme_settings.ajax_add_to_cart}} data-papathemes-cart-item-add{{/if}}>{{lang 'products.add_to_cart'}}</a>\n                            </div>\n                        {{/if}}\n                        {{#if out_of_stock_message }}\n                            <a href=\"{{url}}\" data-event-type=\"product-click\" class=\"button button--outstock card-figcaption-button\" data-product-id=\"{{id}}\">{{out_of_stock_message}}</a>\n                        {{/if}}\n                    {{/if}}\n                {{/or}}\n\n                {{#if show_compare}}\n                    <button type=\"button\" tabindex=\"0\" class=\"button card-figcaption-button _compare\" \n                        data-compare-id=\"{{id}}\"\n                        data-compare-image=\"{{getImage image 'productthumb_size' (cdn theme_settings.default_image_product)}}\"\n                        data-compare-title=\"{{name}}\"\n                    ><svg class=\"icon\"><use xlink:href=\"#icon-compare\"></use></svg>{{lang 'products.compare'}}</button>\n                {{/if}}\n\n                {{!--\n                <!--\n                {{#unless hide_product_quick_view}}\n                    {{#if theme_settings.show_product_quick_view}}\n                        <a class=\"button card-figcaption-button quickview\" tabindex=\"0\" {{#if settings.data_tag_enabled}} data-event-type=\"product-click\" {{/if}} data-product-id=\"{{id}}\"><svg class=\"icon\"><use xlink:href=\"#icon-bs-search\"></use></svg>{{lang 'products.quick_view'}}</a>\n                    {{/if}}\n                {{/unless}}\n                -->\n                --}}\n            </div>\n    </div>\n\n    {{#if show_bulk_order}}\n    <div class=\"card-bulkOrder\">\n        <div class=\"card-bulkOrder-fieldRow card-bulkOrder-qtyInCart\">\n            <span class=\"card-bulkOrder-label\">{{lang 'bulk_order.qty_in_cart'}}: </span>\n            <span class=\"card-bulkOrder-value\" data-bulkorder-cart-qty-id=\"{{id}}\">0</span>\n        </div>\n        <div class=\"card-bulkOrder-fieldRow card-bulkOrder-qty\">\n            {{#or customer (if theme_settings.restrict_to_login '!==' true)}}\n            {{#if add_to_cart_url}}\n                <div class=\"card-bulkOrder-label\">{{lang 'bulk_order.qty'}}<span class=\"_qtyInCartWrapper\" style=\"display:none\"> {{{lang 'bulk_order.qty_in_cart_mobile' id=id}}}</span>: </div>\n                <div class=\"card-bulkOrder-value\">\n                    <div class=\"form-increment\" data-quantity-change>\n                        <button class=\"button button--icon\" data-action=\"dec\" type=\"button\">\n                            <span class=\"is-srOnly\">{{lang 'products.quantity_decrease'}}</span>\n                            <i class=\"icon\" aria-hidden=\"true\">\n                                <svg>\n                                    <use xlink:href=\"#icon-minus\"/>\n                                </svg>\n                            </i>\n                        </button>\n                        <input class=\"form-input form-input--incrementTotal\"\n                            data-bulkorder-qty-id=\"{{id}}\"\n                            name=\"qty_{{id}}\"\n                            type=\"tel\"\n                            value=\"0\"\n                            data-quantity-min=\"{{min_purchase_quantity}}\"\n                            data-quantity-max=\"{{max_purchase_quantity}}\"\n                            min=\"0\"\n                            pattern=\"[0-9]*\"\n                            aria-live=\"polite\">\n                        <button class=\"button button--icon\" data-action=\"inc\" type=\"button\">\n                            <span class=\"is-srOnly\">{{lang 'products.quantity_increase'}}</span>\n                            <i class=\"icon\" aria-hidden=\"true\">\n                                <svg>\n                                    <use xlink:href=\"#icon-add\"/>\n                                </svg>\n                            </i>\n                        </button>\n                    </div>\n                </div>\n            {{/if}}\n            {{/or}}\n        </div>\n        <div class=\"card-bulkOrder-fieldRow card-bulkOrder-price\">\n            <div class=\"card-bulkOrder-label\">{{lang 'bulk_order.price'}}: </div>\n            <div class=\"card-bulkOrder-value\">\n                <div class=\"card-text card-text--price\" data-test-info-type=\"price\">\n                    {{#or customer (if theme_settings.restrict_to_login '!==' true)}}\n                        {{#or price.with_tax price.without_tax}}\n                            <span\n                                data-bulkorder-price-id=\"{{id}}\" \n                                data-bulkorder-price-value=\"{{#if price.with_tax}}{{price.with_tax.value}}{{else}}{{price.without_tax.value}}{{/if}}\"\n                                data-bulkorder-price-formatted=\"{{#if price.with_tax}}{{price.with_tax.formatted}}{{else}}{{price.without_tax.formatted}}{{/if}}\"\n                            ></span>\n                        {{/or}}\n                        {{> components/products/price price=price customer=customer}}\n                    {{else}}\n                        {{> components/common/login-for-pricing}}\n                    {{/or}}\n                </div>\n            </div>\n        </div>\n        <div class=\"card-bulkOrder-fieldRow card-bulkOrder-subtotal\">\n                <div class=\"card-bulkOrder-label\">{{lang 'bulk_order.subtotal'}}: </div>\n                <div class=\"card-bulkOrder-value\">\n                    <div class=\"card-text card-text--price\">\n                        <span class=\"price price--main\" data-bulkorder-subtotal-id=\"{{id}}\"></span>\n                    </div>\n                </div>\n        </div>\n        <div class=\"card-bulkOrder-action\">\n            {{#or customer (if theme_settings.restrict_to_login '!==' true)}}\n                {{#if show_cart_action}}\n                    {{#if has_options}}\n                        {{#all (unless hide_product_quick_view) theme_settings.show_product_quick_view theme_settings.ajax_add_to_cart}}\n                            <a href=\"{{url}}\" target=\"_blank\" class=\"button button--small button--primary card-figcaption-button quickview-alt\" data-product-id=\"{{id}}\">{{lang 'products.choose_options'}}</a>\n                        {{else}}\n                            <a href=\"{{url}}\" data-event-type=\"product-click\" class=\"button button--small button--primary card-figcaption-button\" data-product-id=\"{{id}}\">{{lang 'products.choose_options'}}</a>\n                        {{/all}}\n                    {{/if}}\n                    {{#if pre_order}}\n                        <a href=\"{{url}}\" data-event-type=\"product-click\" class=\"button button--small button--primary card-figcaption-button\">{{lang 'products.pre_order'}}</a>\n                    {{/if}}\n                    {{#if add_to_cart_url }}\n                        <a href=\"{{add_to_cart_url}}\" {{#unless theme_settings.ajax_add_to_cart}} data-event-type=\"product-click\"{{/unless}} class=\"button button--small button--primary card-figcaption-button\"{{#if theme_settings.ajax_add_to_cart}} data-papathemes-cart-item-add{{/if}} data-check-qty>{{lang 'products.add_to_cart'}}</a>\n                    {{/if}}\n                    {{#if out_of_stock_message }}\n                        <a href=\"{{url}}\" data-event-type=\"product-click\" class=\"button button--small card-figcaption-button\" data-product-id=\"{{id}}\">{{out_of_stock_message}}</a>\n                    {{/if}}\n                {{/if}}\n            {{/or}}\n        </div>\n    </div>\n    {{/if}}\n</article>\n",
  "components/products/list-item": "{{#if settings.data_tag_enabled}}\n    <article class=\"listItem\" data-event-type=\"{{event}}\" data-entity-id=\"{{id}}\" data-position=\"{{position}}\" data-name=\"{{name}}\" data-product-category=\"{{#each category}}{{#if @last}}{{this}}{{else}}{{this}}, {{/if}}{{/each}}\" data-product-brand=\"{{brand.name}}\" data-product-price=\"{{#if price.with_tax}}{{price.with_tax.value}}{{else}}{{price.without_tax.value}}{{/if}}\">\n{{else}}\n    <article class=\"listItem\" >\n{{/if}}\n    <figure class=\"listItem-figure\">\n        {{#or price.non_sale_price_with_tax price.non_sale_price_without_tax}}\n            {{#if theme_settings.product_sale_badges '===' 'sash'}}\n                <div class=\"sale-flag-sash\">\n                    <span class=\"sale-text\">{{theme_settings.product_sale_label}}</span>\n                </div>\n            {{else if theme_settings.product_sale_badges '===' 'label'}}\n                <div class=\"sale-flag-side\">\n                    <span class=\"sale-text\">{{theme_settings.product_sale_label}}</span>\n                </div>\n            {{else if theme_settings.product_sale_badges '===' 'burst'}}\n                <div class=\"starwrap\">\n                    <div class=\"sale-flag-star\"></div>\n                    <div class=\"sale-text-burst\">{{theme_settings.product_sale_label}}</div>\n                </div>\n            {{/if}}\n        {{/or}}\n        {{#if theme_settings.product_custom_badges}}\n            {{#each custom_fields}}\n                {{#if name '===' '__badge'}}\n                    <div class=\"sale-flag-side sale-flag-side--custom\">\n                        <span class=\"sale-text\">{{{value}}}</span>\n                    </div>\n                {{/if}}\n            {{/each}}\n        {{/if}}\n        {{> components/common/responsive-img\n            image=image\n            class=\"listItem-image\"\n            fallback_size=theme_settings.productgallery_size\n            lazyload=theme_settings.lazyload_mode\n            default_image=theme_settings.default_image_product\n        }}\n    </figure>\n    <div class=\"listItem-body\">\n        <div class=\"listItem-content\">\n            <div class=\"listItem-details\">\n                <h4 class=\"listItem-title\">\n                    <a href=\"{{url}}\" {{#if settings.data_tag_enabled}} data-event-type=\"product-click\" {{/if}}>{{name}}</a>\n                </h4>\n                {{#if brand.name}}\n                <p class=\"listItem-brand\">{{brand.name}}</p>\n                {{/if}}\n                {{#if price}}\n                    <div class=\"listItem-price\">\n                        {{#or customer (if theme_settings.restrict_to_login '!==' true)}}\n                            {{> components/products/price price=price customer=customer}}\n                        {{else}}\n                            {{> components/common/login-for-pricing}}\n                        {{/or}}\n                    </div>\n                {{/if}}\n                {{#and rating show_rating}}\n                    <p class=\"listItem-rating\"><span class=\"rating--small\">{{> components/products/ratings rating=rating}}</span></p>\n                {{/and}}\n                {{#if summary}}\n                    <p>{{{summary}}}</p>\n                {{/if}}\n            </div>\n            <div class=\"listItem-actions\">\n                <div class=\"listItem-buttons\">\n                {{#if show_cart_action}}\n                {{#unless hide_add_to_cart}}\n                    {{#if has_options}}\n                        <a href=\"{{url}}\" {{#if settings.data_tag_enabled}} data-event-type=\"product-click\" {{/if}} class=\"button button--small button--primary{{#unless hide_product_quick_view}}{{#if theme_settings.show_product_quick_view}}{{#if theme_settings.ajax_add_to_cart}} quickview-alt{{/if}}{{/if}}{{/unless}}\" data-product-id=\"{{id}}\">{{lang \"products.choose_options\"}}</a>\n                    {{else}}\n                        {{#if out_of_stock_message }}\n                        <a href=\"{{url}}\" {{#if settings.data_tag_enabled}} data-event-type=\"product-click\" {{/if}} class=\"button button--small button--primary\">{{out_of_stock_message}}</a>\n                        {{else}}\n                        <a href=\"{{add_to_cart_url}}\" {{#if settings.data_tag_enabled}}{{#unless theme_settings.ajax_add_to_cart}} data-event-type=\"product-click\"{{/unless}}{{/if}} class=\"button button--small button--primary\"{{#if theme_settings.ajax_add_to_cart}} data-papathemes-cart-item-add{{/if}}>{{lang \"products.add_to_cart\"}}</a>\n                        {{/if}}\n                    {{/if}}\n                {{/unless}}\n                {{/if}}\n                {{#if show_compare}}\n                <a class=\"button button--small button--compare\" href=\"#\" data-compare-id=\"{{id}}\">{{lang 'products.compare'}}</a>\n                {{/if}}\n                {{#unless hide_product_quick_view}}\n                    {{#if theme_settings.show_product_quick_view}}\n                        <a {{#if settings.data_tag_enabled}} data-event-type=\"product-click\" {{/if}} class=\"button button--small quickview\" data-product-id=\"{{id}}\">{{lang 'products.quick_view'}}</a>\n                    {{/if}}\n                {{/unless}}\n                </div>\n            </div>\n        </div>\n    </div>\n</article>\n",
  "components/common/responsive-img": "{{!--\n    This file implements the lazysizes srcset pattern (as seen on\n    https://github.com/aFarkas/lazysizes#modern-transparent-srcset-pattern) for maximum performance on modern browsers\n    and reasonable compatibility with legacy browsers.\n    \n    There are a few important arguments to know about when using this component:\n    `lazyload`:\n        - If set to 'lazyload+lqip', will load a low-res image which will be replaced by lazysizes - ensuring that SOME\n        content is shown immediately on page load. Without LQIP, a transparent gif will be used instead, which reduces\n        the number of requests needed to load the page, making it even faster.\n        - If set to 'lazyload', the browser will not load the full-size image at first, instead the lazysizes plugin will\n            load it progressively after page load. This improves the load speed of the page, but it should be disabled for\n            high-priority above-the-fold images.\n        - If set to 'disabled', will not attempt to lazyload the image and instead tell the browser to load it immediately.\n            Use this for high-priority images that are above the fold.\n    \n    `fallback_size`:\n        This is the size to use for this image in legacy browsers that do not support srcset.\n        Can be defined as a pixel bounding-box size (e.g. \"123x123) or inherent width (e.g. \"123w\").\n    \n    `class`:\n        The CSS classes to add to the image, e.g. \"card-image\". If lazyloading is enabled, all images will have the\n        \"lazyload\" class so that lazysizes will target them automatically.\n    \n    `otherAttributes`:\n        Any other HTML attributes you want on the img tag, for example \"height='100' width='100'\"\n    \n    `default_image`:\n        The default image to use if `image` is undefined or falsy. Should be a theme asset, usually defined as a relative\n        path in the theme config. If a default image is not provided, you'll get an image tag with no image if the primary\n        image is undefined.\n    \n    `lqip_size`:\n        If you want to specify a particular size for the LQIP image, you can do so with this argument. A default of 80\n        pixels wide will be used otherwise. This argument has no effect if the lazyload mode is not \"lazyload+lqip\".\n    \n    --}}\n    <img {{#if image}}{{!-- Get the default image for legacy browsers that do not support srcset\n    --}}src=\"{{getImageSrcset image 1x=(default fallback_size '160w')}}\" alt=\"{{image.alt}}\" title=\"{{image.alt}}\" {{!--\n      Allow lazysizes to generate the 'sizes' attribute automatically --}}data-sizes=\"auto\"\n      {{#unless lazyload '==' 'disabled'}}\n        {{#if lazyload '==' 'lazyload+lqip'}}\n        {{!-- If we want a LQIP, include it as the default srcset (will be overwritten by lazysizes) --}}\n        srcset=\"{{getImageSrcset image 1x=(default lqip_size '80w')}}\"\n        {{else}}\n          {{!-- If we don't want a LQIP, use a 1px transparent gif for the stand-in image\n                This requires no additional network request, so it's fast --}}\n        srcset=\"data:image/gif;base64,R0lGODlhAQABAIAAAP///wAAACH5BAEAAAAALAAAAAABAAEAAAICRAEAOw==\"\n        {{/if}}\n    {{/unless}}\n    {{!-- If lazyloading is disabled, just use \"srcset\". If it is not disabled, use \"data-srcset\" so lazysizes will use\n          this after page load --}}\n    {{!--\n    Generate the srcset string using the default sizes defined in the helper. This will allow the browser to\n    pick the best-sized image based on its own understanding of how it will render the page.\n    --}}\n    {{#unless lazyload '==' 'disabled'}}data-{{/unless}}srcset=\"{{getImageSrcset image use_default_sizes=true }}\"\n    {{else if default_image}}src=\"{{cdn default_image}}\" alt=\"{{default_alt}}\" title=\"{{default_alt}}\"{{/if}}\n    class=\"{{#unless lazyload '==' 'disabled'}}lazyload{{/unless}}{{#if class}} {{class}}{{/if}}\"\n    {{#if lazyload '==' 'lazyload'}}loading=\"lazy\"{{/if}}\n    {{otherAttributes}} />\n",
  "components/products/card-badges": "{{#or price.non_sale_price_with_tax price.non_sale_price_without_tax}}\r\n    {{#if theme_settings.product_sale_badges '===' 'label'}}\r\n        <div class=\"sale-flag-side\">\r\n            <span class=\"sale-text\">{{theme_settings.product_sale_label}}</span>\r\n        </div>\r\n    {{else if theme_settings.product_sale_badges '===' 'percent'}}\r\n        <div class=\"sale-flag-side _percent\">\r\n            <span class=\"sale-text\">\r\n                {{#replace '{percent}' theme_settings.product_sale_label}}\r\n                    {{#if price.non_sale_price_without_tax}}\r\n                        {{round (multiply (subtract 1 (divide price.without_tax.value price.non_sale_price_without_tax.value)) 100)}}%\r\n                    {{else}}\r\n                        {{round (multiply (subtract 1 (divide price.with_tax.value price.non_sale_price_with_tax.value)) 100)}}%\r\n                    {{/if}}\r\n                {{else}}\r\n                    {{theme_settings.product_sale_label}}\r\n                    <span>\r\n                        {{#if price.non_sale_price_without_tax}}\r\n                            {{round (multiply (subtract 1 (divide price.without_tax.value price.non_sale_price_without_tax.value)) 100)}}%\r\n                        {{else}}\r\n                            {{round (multiply (subtract 1 (divide price.with_tax.value price.non_sale_price_with_tax.value)) 100)}}%\r\n                        {{/if}}\r\n                    </span>\r\n                {{/replace}}\r\n            </span>\r\n        </div>\r\n    {{/if}}\r\n{{/or}}\r\n{{#if theme_settings.product_custom_badges}}\r\n    {{#filter custom_fields '__badge' property='name'}}\r\n        <div class=\"sale-flag-side sale-flag-side--custom\">\r\n            <span class=\"sale-text\">{{{value}}}</span>\r\n        </div>\r\n    {{/filter}}\r\n{{/if}}\r\n",
  "components/products/ratings": "{{#for 1 5}}\n    {{#if ../this.rating '>=' $index}}\n        <span class=\"icon icon--ratingFull\">\n            <svg>\n                <use xlink:href=\"#icon-star\" />\n            </svg>\n        </span>\n    {{else}}\n        <span class=\"icon icon--ratingEmpty\">\n            <svg>\n                <use xlink:href=\"#icon-star\" />\n            </svg>\n        </span>\n    {{/if}}\n{{/for}}\n{{{snippet 'product_rating'}}}\n",
  "components/products/price": "{{! Supermarket: \n    Add class: price-was-label, price--main\n}}\n{{!-- There are 2 code paths for generating the PDP pricing HTML determined by the following #and condition. \n    If a 'price_range' exists then we generate all HTML in price-range.html, otherwise it is defined here. Both code\n    paths generate the same HTML structure with some differences in whether that element is displayed by default (css styling).\n    \n    If you are making a change here or in price-range.html, you probably want to make that change in both files. --}}\n    \n    {{#and price.price_range (if theme_settings.price_ranges '==' true)}}\n        {{> components/products/price-range price=price schema_org=schema_org}}\n    {{else}}\n        {{#if price.with_tax}}\n            {{#if theme_settings.show_rrp}}\n                <div class=\"price-section price-section--withTax rrp-price--withTax\" {{#unless price.rrp_with_tax}}style=\"display: none;\"{{/unless}}>\n                    <span class=\"price-was-label\">{{theme_settings.pdp-retail-price-label}}</span>\n                    <span data-product-rrp-with-tax class=\"price price--rrp\">{{price.rrp_with_tax.formatted}}</span>\n                </div>\n            {{/if}}\n            <div class=\"price-section price-section--withTax non-sale-price--withTax\" {{#unless price.non_sale_price_with_tax}}style=\"display: none;\"{{/unless}}>\n                <span class=\"price-was-label\">{{theme_settings.pdp-non-sale-price-label}}</span>\n                <span data-product-non-sale-price-with-tax class=\"price price--non-sale\">{{price.non_sale_price_with_tax.formatted}}</span>\n            </div>\n            <div class=\"price-section price-section--withTax\" {{#if schema_org}}itemprop=\"offers\" itemscope itemtype=\"http://schema.org/Offer\"{{/if}}>\n                <span class=\"price-label\" {{#if price.non_sale_price_with_tax}}style=\"display: none;\"{{/if}}>{{theme_settings.pdp-price-label}}</span>\n                <span class=\"price-now-label\" {{#unless price.non_sale_price_with_tax}}style=\"display: none;\"{{/unless}}>{{theme_settings.pdp-sale-price-label}}</span>\n                <span data-product-price-with-tax class=\"price price--withTax price--main{{#or price.rrp_with_tax price.non_sale_price_with_tax}} _hasSale{{/or}}\">{{price.with_tax.formatted}}</span>\n                {{#if schema_org}}\n                    <meta itemprop=\"url\" content=\"{{product.url}}\">\n                    <meta itemprop=\"availability\" itemtype=\"http://schema.org/ItemAvailability\"\n                        content=\"http://schema.org/{{#if product.pre_order}}PreOrder{{else if product.out_of_stock}}OutOfStock{{else if product.can_purchase '===' false}}OutOfStock{{else}}InStock{{/if}}\">\n                    <meta itemprop=\"itemCondition\" itemtype=\"http://schema.org/OfferItemCondition\" content=\"http://schema.org/{{product.condition}}Condition\">\n                    <meta itemprop=\"price\" content=\"{{toFixed price.with_tax.value settings.money.decimal_places}}\">\n                    <meta itemprop=\"priceCurrency\" content=\"{{currency_selector.active_currency_code}}\">\n                    <meta itemprop=\"priceValidUntil\" content='{{moment \"next year\" \"YYYY-MM-DD\"}}'>\n                    <div itemprop=\"priceSpecification\" itemscope itemtype=\"http://schema.org/PriceSpecification\">\n                        <meta itemprop=\"price\" content=\"{{toFixed price.with_tax.value settings.money.decimal_places}}\">\n                        <meta itemprop=\"priceCurrency\" content=\"{{currency_selector.active_currency_code}}\">\n                        <meta itemprop=\"valueAddedTaxIncluded\" content=\"true\">\n                    </div>\n                {{/if}}\n                {{#if price.without_tax}}\n                    <abbr title=\"{{lang 'products.including_tax'}}\">{{lang 'products.price_with_tax' tax_label=price.tax_label}}</abbr>\n                {{/if}}\n            </div>\n        {{/if}}\n        {{#and price.with_tax price.without_tax}}<div class=\"_br\"></div>{{/and}}\n        {{#if price.without_tax}}\n            {{#if theme_settings.show_rrp}}\n                <div class=\"price-section price-section--withoutTax rrp-price--withoutTax{{#if price.with_tax}} price-section--minor{{/if}}\" {{#unless price.rrp_without_tax}}style=\"display: none;\"{{/unless}}>\n                    <span class=\"price-was-label\">{{theme_settings.pdp-retail-price-label}}</span>\n                    <span data-product-rrp-price-without-tax class=\"price price--rrp\"> {{price.rrp_without_tax.formatted}}</span>\n                </div>\n            {{/if}}\n            <div class=\"price-section price-section--withoutTax non-sale-price--withoutTax{{#if price.with_tax}} price-section--minor{{/if}}\" {{#unless price.non_sale_price_without_tax}}style=\"display: none;\"{{/unless}}>\n                <span class=\"price-was-label\">{{theme_settings.pdp-non-sale-price-label}}</span>\n                <span data-product-non-sale-price-without-tax class=\"price price--non-sale\">{{price.non_sale_price_without_tax.formatted}}</span>\n            </div>\n            <div class=\"price-section price-section--withoutTax\" {{#if schema_org}}itemprop=\"offers\" itemscope itemtype=\"http://schema.org/Offer\"{{/if}}>\n                <span class=\"price-label\" {{#if price.non_sale_price_without_tax}}style=\"display: none;\"{{/if}}>{{theme_settings.pdp-price-label}}</span>\n                <span class=\"price-now-label\" {{#unless price.non_sale_price_without_tax}}style=\"display: none;\"{{/unless}}>\n                    {{theme_settings.pdp-sale-price-label}}\n                </span>\n                <span data-product-price-without-tax class=\"price price--withoutTax{{#if price.with_tax}} price-section--minor{{/if}} price--main {{#or price.rrp_without_tax price.non_sale_price_without_tax}} _hasSale{{/or}}\">{{price.without_tax.formatted}}</span>\n                {{#if schema_org}}\n                    <meta itemprop=\"url\" content=\"{{product.url}}\">\n                    <meta itemprop=\"availability\" itemtype=\"http://schema.org/ItemAvailability\"\n                        content=\"http://schema.org/{{#if product.pre_order}}PreOrder{{else if product.out_of_stock}}OutOfStock{{else if product.can_purchase '===' false}}OutOfStock{{else}}InStock{{/if}}\">\n                    <meta itemprop=\"itemCondition\" itemtype=\"http://schema.org/OfferItemCondition\" content=\"http://schema.org/{{product.condition}}Condition\">\n                    <meta itemprop=\"price\" content=\"{{toFixed price.without_tax.value settings.money.decimal_places}}\">\n                    <meta itemprop=\"priceCurrency\" content=\"{{currency_selector.active_currency_code}}\">\n                    <meta itemprop=\"priceValidUntil\" content='{{moment \"next year\" \"YYYY-MM-DD\"}}'>\n                    <div itemprop=\"priceSpecification\" itemscope itemtype=\"http://schema.org/PriceSpecification\">\n                        <meta itemprop=\"price\" content=\"{{toFixed price.without_tax.value settings.money.decimal_places}}\">\n                        <meta itemprop=\"priceCurrency\" content=\"{{currency_selector.active_currency_code}}\">\n                        <meta itemprop=\"valueAddedTaxIncluded\" content=\"false\">\n                    </div>\n                {{/if}}\n                {{#if price.with_tax}}\n                    <abbr title=\"{{lang 'products.excluding_tax'}}\">{{lang 'products.price_without_tax' tax_label=price.tax_label}}</abbr>\n                {{/if}}\n            </div>\n        {{/if}}\n        {{#if page_type '===' 'product'}}\n            <div class=\"price-section price-section--saving\" {{#unless price.saved}}style=\"display: none;\"{{/unless}}>\n                <span class=\"price\">{{lang 'products.you_save_opening_text'}}</span>\n                <span data-product-price-saved class=\"price price--saving\">{{price.saved.formatted}}</span>\n                <span class=\"price\">{{lang 'products.you_save_closing_bracket'}}</span>\n            </div>\n        {{/if}}\n    {{/and}}\n    \n",
  "components/products/card-qty": "{{#if theme_settings.show_product_quantity_box}}\r\n    <div class=\"form-field form-field--increments\">\r\n        <label class=\"form-label form-label--alternate is-srOnly\" for=\"qty_{{id}}_{{incrementVar 'qtyBoxUID'}}\">{{lang 'products.quantity'}}</label>\r\n        <div class=\"form-increment\" data-card-quantity-change>\r\n            <button class=\"button button--icon\" data-action=\"dec\">\r\n                <span class=\"is-srOnly\">{{lang 'products.quantity_decrease'}}</span>\r\n                <i class=\"icon\" aria-hidden=\"true\">\r\n                    <svg>\r\n                        <use xlink:href=\"#icon-minus\"/>\r\n                    </svg>\r\n                </i>\r\n            </button>\r\n            <input class=\"form-input form-input--incrementTotal\"\r\n                id=\"qty_{{id}}_{{getVar 'qtyBoxUID'}}\"\r\n                name=\"qty_{{id}}\"\r\n                type=\"tel\"\r\n                value=\"{{#if min_purchase_quantity}}{{min_purchase_quantity}}{{else}}1{{/if}}\"\r\n                data-quantity-min=\"{{min_purchase_quantity}}\"\r\n                data-quantity-max=\"{{max_purchase_quantity}}\"\r\n                min=\"1\"\r\n                pattern=\"[0-9]*\"\r\n                aria-live=\"polite\">\r\n            <button class=\"button button--icon\" data-action=\"inc\">\r\n                <span class=\"is-srOnly\">{{lang 'products.quantity_increase'}}</span>\r\n                <i class=\"icon\" aria-hidden=\"true\">\r\n                    <svg>\r\n                        <use xlink:href=\"#icon-add\"/>\r\n                    </svg>\r\n                </i>\r\n            </button>\r\n        </div>\r\n    </div>\r\n{{/if}}\r\n",
  "components/common/login-for-pricing": "<a class=\"price--login\" href=\"/login.php\" translate>Log in for pricing</a>\n",
  "components/yotpo/ratings": "<span class=\"yotpo bottomLine\"\n  data-product-id=\"{{ id }}\">\n</span>\n{{#if show_write}}\n  <a role=\"button\" class=\"productView-reviewLink\" onclick=\"\n    document.querySelector('.write-review-button').click();\n    document.getElementById('write-review-tabpanel').scrollIntoView(true);\n  \">{{lang 'products.reviews.write_a_review'}}</a>\n{{/if}}\n",
  "components/products/price-range": "{{#and price.price_range.min.with_tax price.price_range.max.with_tax}}{{! Added by Papathemes to fix display tax/non-tax retail price when select product option }}\n{{#and price.retail_price_range.min.with_tax price.retail_price_range.max.with_tax}}\n    <div class=\"price-section price-section--withTax rrp-price--withTax\">\n        <span class=\"price-was-label\">{{theme_settings.pdp-retail-price-label}}</span>\n        <span data-product-rrp-price-with-tax class=\"price price--rrp\">{{price.retail_price_range.min.with_tax.formatted}} - {{price.retail_price_range.max.with_tax.formatted}}</span>\n    </div>\n{{else}}\n    {{#if price.with_tax}}\n        <div class=\"price-section price-section--withTax rrp-price--withTax\" style=\"display: none;\">\n            <span class=\"price-was-label\">{{theme_settings.pdp-retail-price-label}}</span>\n            <span data-product-rrp-with-tax class=\"price price--rrp\">\n                {{price.rrp_with_tax.formatted}}\n            </span>\n        </div>\n    {{/if}}\n{{/and}}\n{{/and}}\n{{#and price.price_range.min.with_tax price.price_range.max.with_tax}}\n    <div class=\"price-section price-section--withTax\" {{#if schema_org}}itemprop=\"offers\" itemscope itemtype=\"http://schema.org/Offer\"{{/if}}>\n        <span class=\"price-label\">{{theme_settings.pdp-price-label}}</span>\n        <span class=\"price-now-label\" style=\"display: none;\">{{theme_settings.pdp-sale-price-label}}</span>\n        <span data-product-price-with-tax class=\"price price--withTax price--main\">{{price.price_range.min.with_tax.formatted}} - {{price.price_range.max.with_tax.formatted}}</span>\n        {{#and price.price_range.min.without_tax price.price_range.max.without_tax}}\n            <abbr title=\"{{lang 'products.including_tax'}}\">{{lang 'products.price_with_tax' tax_label=price.price_range.min.tax_label}}</abbr>\n        {{/and}}\n        {{#if schema_org}}\n            <meta itemprop=\"url\" content=\"{{product.url}}\">\n            <meta itemprop=\"availability\" itemtype=\"http://schema.org/ItemAvailability\"\n                content=\"http://schema.org/{{#if product.pre_order}}PreOrder{{else if product.out_of_stock}}OutOfStock{{else if product.can_purchase '===' false}}OutOfStock{{else}}InStock{{/if}}\">\n            <meta itemprop=\"itemCondition\" itemtype=\"http://schema.org/OfferItemCondition\" content=\"http://schema.org/{{product.condition}}Condition\">\n            <meta itemprop=\"price\" content=\"{{toFixed price.price_range.min.with_tax.value settings.money.decimal_places}}\">\n            <meta itemprop=\"priceCurrency\" content=\"{{currency_selector.active_currency_code}}\">\n            <meta itemprop=\"priceValidUntil\" content='{{moment \"next year\" \"YYYY-MM-DD\"}}'>\n            <div itemprop=\"priceSpecification\" itemscope itemtype=\"http://schema.org/PriceSpecification\">\n                <meta itemprop=\"minPrice\" content=\"{{toFixed price.price_range.min.with_tax.value settings.money.decimal_places}}\"/>\n                <meta itemprop=\"price\" content=\"{{toFixed price.price_range.min.with_tax.value settings.money.decimal_places}}\">\n                <meta itemprop=\"maxPrice\" content=\"{{toFixed price.price_range.max.with_tax.value settings.money.decimal_places}}\"/>\n                <meta itemprop=\"priceCurrency\" content=\"{{currency_selector.active_currency_code}}\">\n                <meta itemprop=\"valueAddedTaxIncluded\" content=\"true\">\n            </div>\n        {{/if}}\n    </div>\n    {{!-- Never display the \"non-sales price\" if there is a price range to be shown, but we do want the element on the page --}}\n    <div class=\"price-section price-section--withTax non-sale-price--withTax\" style=\"display: none;\">\n        <span class=\"price-was-label\">{{theme_settings.pdp-non-sale-price-label}}</span>\n        <span data-product-non-sale-price-with-tax class=\"price price--non-sale\">\n            {{price.non_sale_price_with_tax.formatted}}\n        </span>\n    </div>\n{{/and}}\n{{#and price.price_range.min.with_tax price.price_range.min.without_tax}}\n    <div class=\"_br\"></div>\n{{/and}}\n{{#and price.retail_price_range.min.without_tax price.retail_price_range.max.without_tax}}\n    <div class=\"price-section price-section--withoutTax rrp-price--withoutTax{{#if price.with_tax}} price-section--minor{{/if}}\">\n        <span class=\"price-was-label\">{{theme_settings.pdp-retail-price-label}}</span>\n        <span data-product-rrp-price-without-tax class=\"price price--rrp\">{{price.retail_price_range.min.without_tax.formatted}} - {{price.retail_price_range.max.without_tax.formatted}}</span>\n    </div>\n{{else}}\n    {{#if price.without_tax}}\n        <div class=\"price-section price-section--withoutTax rrp-price--withoutTax{{#if price.with_tax}} price-section--minor{{/if}}\" style=\"display: none;\">\n            <span class=\"price-was-label\">{{theme_settings.pdp-retail-price-label}}</span>\n            <span data-product-rrp-price-without-tax class=\"price price--rrp\">\n                {{price.rrp_without_tax.formatted}}\n            </span>\n        </div>\n    {{/if}}\n{{/and}}\n{{#and price.price_range.min.without_tax price.price_range.max.without_tax}}\n    <div class=\"price-section price-section--withoutTax{{#and price_range.min.with_tax price_range.max.with_tax}} price-section--minor{{/and}}\" {{#if schema_org}}itemprop=\"offers\" itemscope itemtype=\"http://schema.org/Offer\"{{/if}}>\n        <span class=\"price-label\">{{theme_settings.pdp-price-label}}</span>\n        <span class=\"price-now-label\" style=\"display: none;\">{{theme_settings.pdp-sale-price-label}}</span>\n        <span data-product-price-without-tax class=\"price price--withoutTax price--main\">{{price.price_range.min.without_tax.formatted}} - {{price.price_range.max.without_tax.formatted}}</span>\n        {{#and price.price_range.min.with_tax price.price_range.max.with_tax}}\n            <abbr title=\"{{lang 'products.excluding_tax'}}\">{{lang 'products.price_without_tax' tax_label=price.price_range.min.tax_label}}</abbr>\n        {{/and}}\n        {{#if schema_org}}\n            <meta itemprop=\"url\" content=\"{{product.url}}\">\n            <meta itemprop=\"availability\" itemtype=\"http://schema.org/ItemAvailability\"\n                content=\"http://schema.org/{{#if product.pre_order}}PreOrder{{else if product.out_of_stock}}OutOfStock{{else if product.can_purchase '===' false}}OutOfStock{{else}}InStock{{/if}}\">\n            <meta itemprop=\"itemCondition\" itemtype=\"http://schema.org/OfferItemCondition\" content=\"http://schema.org/{{product.condition}}Condition\">\n            <meta itemprop=\"price\" content=\"{{toFixed price.price_range.min.without_tax.value settings.money.decimal_places}}\">\n            <meta itemprop=\"priceCurrency\" content=\"{{currency_selector.active_currency_code}}\">\n            <meta itemprop=\"priceValidUntil\" content='{{moment \"next year\" \"YYYY-MM-DD\"}}'>\n            <div itemprop=\"priceSpecification\" itemscope itemtype=\"http://schema.org/PriceSpecification\">\n                <meta itemprop=\"minPrice\" content=\"{{toFixed price.price_range.min.without_tax.value settings.money.decimal_places}}\"/>\n                <meta itemprop=\"price\" content=\"{{toFixed price.price_range.min.without_tax.value settings.money.decimal_places}}\">\n                <meta itemprop=\"maxPrice\" content=\"{{toFixed price.price_range.max.without_tax.value settings.money.decimal_places}}\"/>\n                <meta itemprop=\"priceCurrency\" content=\"{{currency_selector.active_currency_code}}\">\n                <meta itemprop=\"valueAddedTaxIncluded\" content=\"false\">\n            </div>\n        {{/if}}\n    </div>\n    {{!-- Never display the \"non-sales price\" if there is a price range to be shown, but we do want the element on the page --}}\n    <div class=\"price-section price-section--withoutTax non-sale-price--withoutTax{{#if price.with_tax}} price-section--minor{{/if}}\" style=\"display: none;\">\n        <span class=\"price-was-label\">{{theme_settings.pdp-non-sale-price-label}}</span>\n        <span data-product-non-sale-price-without-tax class=\"price price--non-sale\">\n            {{price.non_sale_price_without_tax.formatted}}\n        </span>\n    </div>\n{{/and}}\n\n{{!-- Never display the \"saving price\" element by default if there is a price range on the page to be shown --}}\n{{#if page_type '===' 'product'}}\n     <div class=\"price-section price-section--saving price\" style=\"display: none;\">\n            <span class=\"price\">{{lang 'products.you_save_opening_text'}}</span>\n            <span data-product-price-saved class=\"price price--saving\">\n                {{price.saved.formatted}}\n            </span>\n            <span class=\"price\">{{lang 'products.you_save_closing_bracket'}}</span>\n     </div>\n{{/if}}\n"
}