{
  "components/papathemes/blog/sidebar": "{{#if theme_settings.layout '===' 'left-sidebar'}}\n    {{> components/supermarket/home/sidebar}}\n{{else}}\n<nav class=\"navList navList--aside\">\n    \n    {{#if theme_settings.layout '===' 'left-sidebar'}}\n        {{> components/supermarket/sidebar/categories-menu}}\n\t{{/if}}\n\t\n\t{{> components/supermarket/sidebar/recently-viewed-products}}\n\n    <div class=\"sidebarBlock\">\n    \t<h3 class=\"sidebarBlock-heading\">{{lang 'products.new'}}</h3>\n    \t<ul class=\"productList\" data-product-type=\"new\">\n\t        {{#each products.new}}\n\t            <li class=\"product\">\n\t                {{>components/products/list-item \n\t                \tshow_rating=false\n\t                \tsummary=false\n\t                \thide_add_to_cart=true\n\t                \tshow_compare=../show_compare \n\t                \tshow_rating=../settings.show_product_rating \n                        hide_product_quick_view=true\n\t                \ttheme_settings=../theme_settings customer=../customer}}\n\t            </li>\n\t        {{/each}}\n\t    </ul>\t\n\t</div>\n    \n</nav>\n{{/if}}\n",
  "components/supermarket/home/sidebar": "<nav class=\"navList navList--aside\">\n    {{{region name=\"home_sidebar_top--global\"}}}\n    {{{region name=\"home_sidebar_top\"}}}\n    {{#if page.sub_pages}}\n        {{> components/supermarket/sidebar/subpages}}\n    {{/if}}\n\n    {{> components/supermarket/sidebar/categories-menu}}\n\n    {{{region name=\"home_sidebar_below_menu--global\"}}}\n    {{{region name=\"home_sidebar_below_menu\"}}}\n\n    {{#if theme_settings.sidebar_shop_by_brand '>' 9}}\n        {{> components/supermarket/sidebar/brands}}\n    {{/if}}\n\n    {{{region name=\"home_sidebar_below_brands--global\"}}}\n    {{{region name=\"home_sidebar_below_brands\"}}}\n\n    {{> components/supermarket/sidebar/recently-viewed-products}}\n\n    {{#if theme_settings.homepage_blog_posts_position '===' 'sidebar'}}\n    {{#if theme_settings.homepage_blog_posts_count '>' 0}}\n        {{> components/supermarket/sidebar/blog posts=blog.recent_posts}}\n    {{/if}}\n    {{/if}}\n\n    {{{region name=\"home_sidebar_bottom\"}}}\n    {{{region name=\"home_sidebar_bottom--global\"}}}\n</nav>\n",
  "components/supermarket/sidebar/categories-menu": "<div class=\"sidebarBlock sidebarBlock--verticalCategories\">\n    <div class=\"papathemes-navPages-verticalCategories-container\">\n        <a class=\"navPages-action has-subMenu\" data-collapsible=\"papathemes-verticalCategories-sidebar\"\n            data-collapsible-disabled-breakpoint=\"medium\"\n            data-collapsible-disabled-state=\"open\"\n            data-collapsible-enabled-state=\"closed\">{{lang 'category.label'}}</a>\n        <div class=\"papathemes-verticalCategories papathemes-verticalCategories--open\" id=\"papathemes-verticalCategories-sidebar\" aria-hidden=\"false\" tabindex=\"-1\">\n            <ul class=\"navPages-list navPages-list--categories\">\n                {{#if theme_settings.navPages_type '==' 'standard'}}\n                    {{#each categories}}\n                        <li class=\"navPages-item navPages-item--standard\">\n                            {{> components/common/navigation-list idSuffix='-sidebar' theme_settings=../theme_settings category=../category menu_type='standard'}}\n                        </li>\n                    {{/each}}\n                {{else if theme_settings.navPages_type '==' 'column'}}\n                    {{#each categories}}\n                        <li class=\"navPages-item navPages-item--column\">\n                            {{> components/common/navigation-list idSuffix='-sidebar' theme_settings=../theme_settings category=../category menu_type='column'}}\n                        </li>\n                    {{/each}}\n                {{else}}\n                    {{#each categories}}\n                        <li class=\"navPages-item\">\n                            {{> components/common/navigation-list idSuffix='-sidebar' theme_settings=../theme_settings category=../category menu_type='mega'}}\n                        </li>\n                    {{/each}}\n                {{/if}}\n            </ul>\n        </div>\n    </div>\n</div>\n{{#if page_type \"===\" \"category\"}}\n    {{inject \"enableVerticalCurrentCategory\" true}}\n{{else if page_type \"===\" \"product\"}}\n    {{inject \"enableVerticalCurrentCategory\" true}}\n{{/if}}\n",
  "components/supermarket/sidebar/recently-viewed-products": "{{#and theme_settings.product_recently_viewed customer.recently_viewed_products.items}}\n    <div class=\"sidebarBlock sidebarBlock--mobileCollapsible\">\n        <h3 class=\"sidebarBlock-heading is-open\" data-collapsible=\"#sidebar-recently-viewed-products\" data-collapsible-disabled-breakpoint=\"medium\" tabindex=\"0\" aria-expanded=\"true\">{{lang 'account.recent_items.heading' }}</h3>\n        <ul id=\"sidebar-recently-viewed-products\" class=\"productList is-open\" aria-hidden=\"false\" data-product-type=\"recently_viewed\">\n            {{#each (limit customer.recently_viewed_products.items theme_settings.product_recently_viewed)}}\n                <li class=\"product\">\n                    {{>components/products/list-item \n                        summary=false\n                        show_compare=../show_compare \n                        show_rating=../settings.show_product_rating \n                        theme_settings=../theme_settings \n                        settings=../settings \n                        customer=../customer}}\n                </li>\n            {{/each}}\n        </ul>\n    </div>\n{{/and}}\n",
  "components/products/list-item": "{{#if settings.data_tag_enabled}}\n    <article class=\"listItem\" data-event-type=\"{{event}}\" data-entity-id=\"{{id}}\" data-position=\"{{position}}\" data-name=\"{{name}}\" data-product-category=\"{{#each category}}{{#if @last}}{{this}}{{else}}{{this}}, {{/if}}{{/each}}\" data-product-brand=\"{{brand.name}}\" data-product-price=\"{{#if price.with_tax}}{{price.with_tax.value}}{{else}}{{price.without_tax.value}}{{/if}}\">\n{{else}}\n    <article class=\"listItem\" >\n{{/if}}\n    <figure class=\"listItem-figure\">\n        {{#or price.non_sale_price_with_tax price.non_sale_price_without_tax}}\n            {{#if theme_settings.product_sale_badges '===' 'sash'}}\n                <div class=\"sale-flag-sash\">\n                    <span class=\"sale-text\">{{theme_settings.product_sale_label}}</span>\n                </div>\n            {{else if theme_settings.product_sale_badges '===' 'label'}}\n                <div class=\"sale-flag-side\">\n                    <span class=\"sale-text\">{{theme_settings.product_sale_label}}</span>\n                </div>\n            {{else if theme_settings.product_sale_badges '===' 'burst'}}\n                <div class=\"starwrap\">\n                    <div class=\"sale-flag-star\"></div>\n                    <div class=\"sale-text-burst\">{{theme_settings.product_sale_label}}</div>\n                </div>\n            {{/if}}\n        {{/or}}\n        {{#if theme_settings.product_custom_badges}}\n            {{#each custom_fields}}\n                {{#if name '===' '__badge'}}\n                    <div class=\"sale-flag-side sale-flag-side--custom\">\n                        <span class=\"sale-text\">{{{value}}}</span>\n                    </div>\n                {{/if}}\n            {{/each}}\n        {{/if}}\n        {{> components/common/responsive-img\n            image=image\n            class=\"listItem-image\"\n            fallback_size=theme_settings.productgallery_size\n            lazyload=theme_settings.lazyload_mode\n            default_image=theme_settings.default_image_product\n        }}\n    </figure>\n    <div class=\"listItem-body\">\n        <div class=\"listItem-content\">\n            <div class=\"listItem-details\">\n                <h4 class=\"listItem-title\">\n                    <a href=\"{{url}}\" {{#if settings.data_tag_enabled}} data-event-type=\"product-click\" {{/if}}>{{name}}</a>\n                </h4>\n                {{#if brand.name}}\n                <p class=\"listItem-brand\">{{brand.name}}</p>\n                {{/if}}\n                {{#if price}}\n                    <div class=\"listItem-price\">\n                        {{#or customer (if theme_settings.restrict_to_login '!==' true)}}\n                            {{> components/products/price price=price customer=customer}}\n                        {{else}}\n                            {{> components/common/login-for-pricing}}\n                        {{/or}}\n                    </div>\n                {{/if}}\n                {{#and rating show_rating}}\n                    <p class=\"listItem-rating\"><span class=\"rating--small\">{{> components/products/ratings rating=rating}}</span></p>\n                {{/and}}\n                {{#if summary}}\n                    <p>{{{summary}}}</p>\n                {{/if}}\n            </div>\n            <div class=\"listItem-actions\">\n                <div class=\"listItem-buttons\">\n                {{#if show_cart_action}}\n                {{#unless hide_add_to_cart}}\n                    {{#if has_options}}\n                        <a href=\"{{url}}\" {{#if settings.data_tag_enabled}} data-event-type=\"product-click\" {{/if}} class=\"button button--small button--primary{{#unless hide_product_quick_view}}{{#if theme_settings.show_product_quick_view}}{{#if theme_settings.ajax_add_to_cart}} quickview-alt{{/if}}{{/if}}{{/unless}}\" data-product-id=\"{{id}}\">{{lang \"products.choose_options\"}}</a>\n                    {{else}}\n                        {{#if out_of_stock_message }}\n                        <a href=\"{{url}}\" {{#if settings.data_tag_enabled}} data-event-type=\"product-click\" {{/if}} class=\"button button--small button--primary\">{{out_of_stock_message}}</a>\n                        {{else}}\n                        <a href=\"{{add_to_cart_url}}\" {{#if settings.data_tag_enabled}}{{#unless theme_settings.ajax_add_to_cart}} data-event-type=\"product-click\"{{/unless}}{{/if}} class=\"button button--small button--primary\"{{#if theme_settings.ajax_add_to_cart}} data-papathemes-cart-item-add{{/if}}>{{lang \"products.add_to_cart\"}}</a>\n                        {{/if}}\n                    {{/if}}\n                {{/unless}}\n                {{/if}}\n                {{#if show_compare}}\n                <a class=\"button button--small button--compare\" href=\"#\" data-compare-id=\"{{id}}\">{{lang 'products.compare'}}</a>\n                {{/if}}\n                {{#unless hide_product_quick_view}}\n                    {{#if theme_settings.show_product_quick_view}}\n                        <a {{#if settings.data_tag_enabled}} data-event-type=\"product-click\" {{/if}} class=\"button button--small quickview\" data-product-id=\"{{id}}\">{{lang 'products.quick_view'}}</a>\n                    {{/if}}\n                {{/unless}}\n                </div>\n            </div>\n        </div>\n    </div>\n</article>\n",
  "components/supermarket/sidebar/subpages": "{{#if page.sub_pages}}\n<div class=\"sidebarBlock sidebarBlock--navList sidebarBlock--mobileCollapsible\">\n    <h3 class=\"sidebarBlock-heading sidebarBlock-heading--subpages is-open\" data-collapsible=\"#subpages-navList\" tabindex=\"0\" aria-expanded=\"true\">\n        {{lang 'page.subpages'}}\n        <svg class=\"icon\"><use xlink:href=\"#icon-keyboard-arrow-down\"></use></svg>\n    </h3>\n    <ul id=\"subpages-navList\" class=\"beautify__navList is-open\" aria-hidden=\"false\">\n        {{#each page.sub_pages}}\n        <li class=\"navList-item\"><a class=\"navList-action\" href=\"{{url}}\" title=\"{{title}}\">{{title}}</a></li>\n        {{/each}}\n    </ul>\n</div>\n{{/if}}\n",
  "components/common/navigation-list": "{{#if children}}\n<a class=\"navPages-action has-subMenu {{#if menu_type '==' 'vertical'}}navPages-action--vertical{{/if}}\" href=\"{{url}}\"\n    {{#if menu_type '!=' 'vertical'}}data-instantload{{/if}}\n    {{#if id '==' category.id}}data-current-category{{/if}}\n    data-collapsible=\"navPages-{{id}}{{idSuffix}}\"\n    {{#if menu_type '!=' 'vertical'}}data-collapsible-disabled-breakpoint=\"medium\"{{/if}}\n    data-collapsible-disabled-state=\"open\"\n    data-collapsible-enabled-state=\"closed\">\n    {{name}} <i class=\"icon navPages-action-moreIcon\" aria-hidden=\"true\"><svg><use xlink:href=\"#icon-add\" /></svg></i>\n</a>\n<div class=\"navPage-subMenu\n        {{#if menu_type '==' 'vertical'}}\n            navPage-subMenu--vertical\n        {{else if menu_type '==' 'standard'}}\n            navPage-subMenu--standard\n        {{else if menu_type '==' 'column'}}\n            navPage-subMenu--column\n        {{/if}}\n    \" id=\"navPages-{{id}}{{idSuffix}}\" aria-hidden=\"true\" tabindex=\"-1\">\n    <ul class=\"navPage-subMenu-list\">\n        <li class=\"navPage-subMenu-item\">\n            <a class=\"navPage-subMenu-action navPages-action\" href=\"{{url}}\" data-instantload>{{lang 'category.view_all.name' category=name}}</a>\n        </li>\n        {{#each children}}\n            <li class=\"navPage-subMenu-item\">\n                {{#if children}}\n                    <a\n                        class=\"navPage-subMenu-action navPages-action has-subMenu\"\n                        href=\"{{url}}\"\n                        {{#if ../../menu_type '!=' 'vertical'}}data-instantload{{/if}}\n                        {{#if id '==' ../../category.id}}data-current-category{{/if}}\n                        data-collapsible=\"navPages-{{id}}{{../../idSuffix}}\"\n                        {{#if ../../menu_type '!=' 'vertical'}}data-collapsible-disabled-breakpoint=\"medium\"{{/if}}\n                        data-collapsible-disabled-state=\"open\"\n                        data-collapsible-enabled-state=\"closed\">\n                        {{name}} <i class=\"icon navPages-action-moreIcon\" aria-hidden=\"true\"><svg><use xlink:href=\"#icon-add\" /></svg></i>\n                    </a>\n                    <ul class=\"navPage-childList\" id=\"navPages-{{id}}{{../../idSuffix}}\">\n                        <li class=\"navPage-childList-item\">\n                            <a class=\"navPage-childList-action navPages-action\" href=\"{{url}}\" data-instantload>{{lang 'category.view_all.name' category=name}}</a>\n                        </li>\n                        {{#each children}}\n                        <li class=\"navPage-childList-item\">\n                            {{> components/common/navigation-list-child \n                                    category_id=../../../category.id \n                                    idSuffix=../../../idSuffix \n                                    theme_settings=../../../theme_settings\n                                    menu_type=../../../menu_type}}\n                        </li>\n                        {{/each}}\n                    </ul>\n                {{else}}\n                    <a class=\"navPage-subMenu-action navPages-action\" href=\"{{url}}\" data-instantload {{#if id '==' ../../category.id}}data-current-category{{/if}}>{{name}}</a>\n                {{/if}}\n            </li>\n        {{/each}}\n    </ul>\n</div>\n{{else}}\n<a class=\"navPages-action\" href=\"{{url}}\" data-instantload {{#if id '==' category.id}}data-current-category{{/if}}>{{name}}</a>\n{{/if}}\n",
  "components/supermarket/sidebar/brands": "<div class=\"sidebarBlock sidebarBlock--navList sidebarBlock--brands sidebarBlock--mobileCollapsible\">\n    <h3 class=\"sidebarBlock-heading is-open\" href=\"#\" data-collapsible=\"#brands-navList\" tabindex=\"0\" aria-expanded=\"true\">\n        {{lang 'footer.brands'}}\n        <svg class=\"icon\"><use xlink:href=\"#icon-keyboard-arrow-down\"></use></svg>\n    </h3>\n    <ul id=\"brands-navList\" class=\"beautify__navList is-open\" aria-hidden=\"false\">\n        {{#each shop_by_brand}}\n        <li class=\"navList-item\"><a class=\"navList-action\" data-instantload href=\"{{url}}\" title=\"{{name}}\">{{name}}</a></li>\n        {{/each}}\n        <li class=\"navList-item\"><a class=\"navList-action\" data-instantload href=\"{{urls.brands}}\">{{lang 'common.view_all'}}</a></li>\n    </ul>\n</div> \n",
  "components/supermarket/sidebar/blog": "{{#if posts}}\n<div class=\"sidebarBlock sidebarBlock--blog\">\n    <h3 class=\"sidebarBlock-heading\">{{lang 'blog.recent_posts'}}</h3>\n    <ul class=\"navList\">\n        {{#each posts}}\n        <li class=\"navList-item\">\n            {{> components/blog/post post=this hide_social_icons=true settings=../settings hide_summary=../hide_summary hide_readmore=../hide_readmore}}\n        </li>\n        {{/each}}\n    </ul>\n</div>\n{{/if}}\n",
  "components/common/responsive-img": "{{!--\n    This file implements the lazysizes srcset pattern (as seen on\n    https://github.com/aFarkas/lazysizes#modern-transparent-srcset-pattern) for maximum performance on modern browsers\n    and reasonable compatibility with legacy browsers.\n    \n    There are a few important arguments to know about when using this component:\n    `lazyload`:\n        - If set to 'lazyload+lqip', will load a low-res image which will be replaced by lazysizes - ensuring that SOME\n        content is shown immediately on page load. Without LQIP, a transparent gif will be used instead, which reduces\n        the number of requests needed to load the page, making it even faster.\n        - If set to 'lazyload', the browser will not load the full-size image at first, instead the lazysizes plugin will\n            load it progressively after page load. This improves the load speed of the page, but it should be disabled for\n            high-priority above-the-fold images.\n        - If set to 'disabled', will not attempt to lazyload the image and instead tell the browser to load it immediately.\n            Use this for high-priority images that are above the fold.\n    \n    `fallback_size`:\n        This is the size to use for this image in legacy browsers that do not support srcset.\n        Can be defined as a pixel bounding-box size (e.g. \"123x123) or inherent width (e.g. \"123w\").\n    \n    `class`:\n        The CSS classes to add to the image, e.g. \"card-image\". If lazyloading is enabled, all images will have the\n        \"lazyload\" class so that lazysizes will target them automatically.\n    \n    `otherAttributes`:\n        Any other HTML attributes you want on the img tag, for example \"height='100' width='100'\"\n    \n    `default_image`:\n        The default image to use if `image` is undefined or falsy. Should be a theme asset, usually defined as a relative\n        path in the theme config. If a default image is not provided, you'll get an image tag with no image if the primary\n        image is undefined.\n    \n    `lqip_size`:\n        If you want to specify a particular size for the LQIP image, you can do so with this argument. A default of 80\n        pixels wide will be used otherwise. This argument has no effect if the lazyload mode is not \"lazyload+lqip\".\n    \n    --}}\n    <img {{#if image}}{{!-- Get the default image for legacy browsers that do not support srcset\n    --}}src=\"{{getImageSrcset image 1x=(default fallback_size '160w')}}\" alt=\"{{image.alt}}\" title=\"{{image.alt}}\" {{!--\n      Allow lazysizes to generate the 'sizes' attribute automatically --}}data-sizes=\"auto\"\n      {{#unless lazyload '==' 'disabled'}}\n        {{#if lazyload '==' 'lazyload+lqip'}}\n        {{!-- If we want a LQIP, include it as the default srcset (will be overwritten by lazysizes) --}}\n        srcset=\"{{getImageSrcset image 1x=(default lqip_size '80w')}}\"\n        {{else}}\n          {{!-- If we don't want a LQIP, use a 1px transparent gif for the stand-in image\n                This requires no additional network request, so it's fast --}}\n        srcset=\"data:image/gif;base64,R0lGODlhAQABAIAAAP///wAAACH5BAEAAAAALAAAAAABAAEAAAICRAEAOw==\"\n        {{/if}}\n    {{/unless}}\n    {{!-- If lazyloading is disabled, just use \"srcset\". If it is not disabled, use \"data-srcset\" so lazysizes will use\n          this after page load --}}\n    {{!--\n    Generate the srcset string using the default sizes defined in the helper. This will allow the browser to\n    pick the best-sized image based on its own understanding of how it will render the page.\n    --}}\n    {{#unless lazyload '==' 'disabled'}}data-{{/unless}}srcset=\"{{getImageSrcset image use_default_sizes=true }}\"\n    {{else if default_image}}src=\"{{cdn default_image}}\" alt=\"{{default_alt}}\" title=\"{{default_alt}}\"{{/if}}\n    class=\"{{#unless lazyload '==' 'disabled'}}lazyload{{/unless}}{{#if class}} {{class}}{{/if}}\"\n    {{#if lazyload '==' 'lazyload'}}loading=\"lazy\"{{/if}}\n    {{otherAttributes}} />\n",
  "components/products/price": "{{! Supermarket: \n    Add class: price-was-label, price--main\n}}\n{{!-- There are 2 code paths for generating the PDP pricing HTML determined by the following #and condition. \n    If a 'price_range' exists then we generate all HTML in price-range.html, otherwise it is defined here. Both code\n    paths generate the same HTML structure with some differences in whether that element is displayed by default (css styling).\n    \n    If you are making a change here or in price-range.html, you probably want to make that change in both files. --}}\n    \n    {{#and price.price_range (if theme_settings.price_ranges '==' true)}}\n        {{> components/products/price-range price=price schema_org=schema_org}}\n    {{else}}\n        {{#if price.with_tax}}\n            {{#if theme_settings.show_rrp}}\n                <div class=\"price-section price-section--withTax rrp-price--withTax\" {{#unless price.rrp_with_tax}}style=\"display: none;\"{{/unless}}>\n                    <span class=\"price-was-label\">{{theme_settings.pdp-retail-price-label}}</span>\n                    <span data-product-rrp-with-tax class=\"price price--rrp\">{{price.rrp_with_tax.formatted}}</span>\n                </div>\n            {{/if}}\n            <div class=\"price-section price-section--withTax non-sale-price--withTax\" {{#unless price.non_sale_price_with_tax}}style=\"display: none;\"{{/unless}}>\n                <span class=\"price-was-label\">{{theme_settings.pdp-non-sale-price-label}}</span>\n                <span data-product-non-sale-price-with-tax class=\"price price--non-sale\">{{price.non_sale_price_with_tax.formatted}}</span>\n            </div>\n            <div class=\"price-section price-section--withTax\" {{#if schema_org}}itemprop=\"offers\" itemscope itemtype=\"http://schema.org/Offer\"{{/if}}>\n                <span class=\"price-label\" {{#if price.non_sale_price_with_tax}}style=\"display: none;\"{{/if}}>{{theme_settings.pdp-price-label}}</span>\n                <span class=\"price-now-label\" {{#unless price.non_sale_price_with_tax}}style=\"display: none;\"{{/unless}}>{{theme_settings.pdp-sale-price-label}}</span>\n                <span data-product-price-with-tax class=\"price price--withTax price--main{{#or price.rrp_with_tax price.non_sale_price_with_tax}} _hasSale{{/or}}\">{{price.with_tax.formatted}}</span>\n                {{#if schema_org}}\n                    <meta itemprop=\"url\" content=\"{{product.url}}\">\n                    <meta itemprop=\"availability\" itemtype=\"http://schema.org/ItemAvailability\"\n                        content=\"http://schema.org/{{#if product.pre_order}}PreOrder{{else if product.out_of_stock}}OutOfStock{{else if product.can_purchase '===' false}}OutOfStock{{else}}InStock{{/if}}\">\n                    <meta itemprop=\"itemCondition\" itemtype=\"http://schema.org/OfferItemCondition\" content=\"http://schema.org/{{product.condition}}Condition\">\n                    <meta itemprop=\"price\" content=\"{{toFixed price.with_tax.value settings.money.decimal_places}}\">\n                    <meta itemprop=\"priceCurrency\" content=\"{{currency_selector.active_currency_code}}\">\n                    <meta itemprop=\"priceValidUntil\" content='{{moment \"next year\" \"YYYY-MM-DD\"}}'>\n                    <div itemprop=\"priceSpecification\" itemscope itemtype=\"http://schema.org/PriceSpecification\">\n                        <meta itemprop=\"price\" content=\"{{toFixed price.with_tax.value settings.money.decimal_places}}\">\n                        <meta itemprop=\"priceCurrency\" content=\"{{currency_selector.active_currency_code}}\">\n                        <meta itemprop=\"valueAddedTaxIncluded\" content=\"true\">\n                    </div>\n                {{/if}}\n                {{#if price.without_tax}}\n                    <abbr title=\"{{lang 'products.including_tax'}}\">{{lang 'products.price_with_tax' tax_label=price.tax_label}}</abbr>\n                {{/if}}\n            </div>\n        {{/if}}\n        {{#and price.with_tax price.without_tax}}<div class=\"_br\"></div>{{/and}}\n        {{#if price.without_tax}}\n            {{#if theme_settings.show_rrp}}\n                <div class=\"price-section price-section--withoutTax rrp-price--withoutTax{{#if price.with_tax}} price-section--minor{{/if}}\" {{#unless price.rrp_without_tax}}style=\"display: none;\"{{/unless}}>\n                    <span class=\"price-was-label\">{{theme_settings.pdp-retail-price-label}}</span>\n                    <span data-product-rrp-price-without-tax class=\"price price--rrp\"> {{price.rrp_without_tax.formatted}}</span>\n                </div>\n            {{/if}}\n            <div class=\"price-section price-section--withoutTax non-sale-price--withoutTax{{#if price.with_tax}} price-section--minor{{/if}}\" {{#unless price.non_sale_price_without_tax}}style=\"display: none;\"{{/unless}}>\n                <span class=\"price-was-label\">{{theme_settings.pdp-non-sale-price-label}}</span>\n                <span data-product-non-sale-price-without-tax class=\"price price--non-sale\">{{price.non_sale_price_without_tax.formatted}}</span>\n            </div>\n            <div class=\"price-section price-section--withoutTax\" {{#if schema_org}}itemprop=\"offers\" itemscope itemtype=\"http://schema.org/Offer\"{{/if}}>\n                <span class=\"price-label\" {{#if price.non_sale_price_without_tax}}style=\"display: none;\"{{/if}}>{{theme_settings.pdp-price-label}}</span>\n                <span class=\"price-now-label\" {{#unless price.non_sale_price_without_tax}}style=\"display: none;\"{{/unless}}>\n                    {{theme_settings.pdp-sale-price-label}}\n                </span>\n                <span data-product-price-without-tax class=\"price price--withoutTax{{#if price.with_tax}} price-section--minor{{/if}} price--main {{#or price.rrp_without_tax price.non_sale_price_without_tax}} _hasSale{{/or}}\">{{price.without_tax.formatted}}</span>\n                {{#if schema_org}}\n                    <meta itemprop=\"url\" content=\"{{product.url}}\">\n                    <meta itemprop=\"availability\" itemtype=\"http://schema.org/ItemAvailability\"\n                        content=\"http://schema.org/{{#if product.pre_order}}PreOrder{{else if product.out_of_stock}}OutOfStock{{else if product.can_purchase '===' false}}OutOfStock{{else}}InStock{{/if}}\">\n                    <meta itemprop=\"itemCondition\" itemtype=\"http://schema.org/OfferItemCondition\" content=\"http://schema.org/{{product.condition}}Condition\">\n                    <meta itemprop=\"price\" content=\"{{toFixed price.without_tax.value settings.money.decimal_places}}\">\n                    <meta itemprop=\"priceCurrency\" content=\"{{currency_selector.active_currency_code}}\">\n                    <meta itemprop=\"priceValidUntil\" content='{{moment \"next year\" \"YYYY-MM-DD\"}}'>\n                    <div itemprop=\"priceSpecification\" itemscope itemtype=\"http://schema.org/PriceSpecification\">\n                        <meta itemprop=\"price\" content=\"{{toFixed price.without_tax.value settings.money.decimal_places}}\">\n                        <meta itemprop=\"priceCurrency\" content=\"{{currency_selector.active_currency_code}}\">\n                        <meta itemprop=\"valueAddedTaxIncluded\" content=\"false\">\n                    </div>\n                {{/if}}\n                {{#if price.with_tax}}\n                    <abbr title=\"{{lang 'products.excluding_tax'}}\">{{lang 'products.price_without_tax' tax_label=price.tax_label}}</abbr>\n                {{/if}}\n            </div>\n        {{/if}}\n        {{#if page_type '===' 'product'}}\n            <div class=\"price-section price-section--saving\" {{#unless price.saved}}style=\"display: none;\"{{/unless}}>\n                <span class=\"price\">{{lang 'products.you_save_opening_text'}}</span>\n                <span data-product-price-saved class=\"price price--saving\">{{price.saved.formatted}}</span>\n                <span class=\"price\">{{lang 'products.you_save_closing_bracket'}}</span>\n            </div>\n        {{/if}}\n    {{/and}}\n    \n",
  "components/products/ratings": "{{#for 1 5}}\n    {{#if ../this.rating '>=' $index}}\n        <span class=\"icon icon--ratingFull\">\n            <svg>\n                <use xlink:href=\"#icon-star\" />\n            </svg>\n        </span>\n    {{else}}\n        <span class=\"icon icon--ratingEmpty\">\n            <svg>\n                <use xlink:href=\"#icon-star\" />\n            </svg>\n        </span>\n    {{/if}}\n{{/for}}\n{{{snippet 'product_rating'}}}\n",
  "components/common/login-for-pricing": "<a class=\"price--login\" href=\"/login.php\" translate>Log in for pricing</a>\n",
  "components/blog/post": "<article class=\"blog {{#if show_tags}}{{#if post.tags}}blog--has-tags{{/if}}{{/if}} {{#unless hide_social_icons}}blog--has-socials{{/unless}}\">\n    <div class=\"blog-post-figure\">\n        {{#if post.thumbnail}}\n            <figure class=\"blog-thumbnail\">\n                <a data-instantload href=\"{{post.url}}\">\n                    {{> components/common/responsive-img-url\n                        image=(getImage post.thumbnail 'blog_size')\n                        alt=post.thumbnail.alt}}\n                </a>\n            </figure>\n        {{/if}}\n    </div>\n\n    <div class=\"blog-post-body\">\n        <header class=\"blog-header\">\n            {{#unless single}}\n                <h2 class=\"blog-title\">\n                    <a data-instantload href=\"{{post.url}}\">{{post.title}}</a>\n                </h2>\n            {{/unless}}\n        </header>\n\n        <div class=\"blog-post\">\n            {{#if post.body}}\n                {{{post.body}}}\n                <div class=\"blog-date\"><span class=\"blog-date-date\">{{post.date_published}}{{#if post.author}}</span> <span class=\"blog-date-author\">{{lang 'blog.posted_by' name=post.author}}{{/if}}</span></div>\n            {{else}}\n                {{#unless hide_summary}}\n                    <div class=\"blog-summary\">\n                        {{{post.summary}}}\n                        {{#if post.show_read_more}}\n                            &hellip; \n                        {{/if}}\n                    </div>\n                {{/unless}}\n\n                <div class=\"blog-dateContainer\">\n                    {{#unless hide_readmore}}\n                    {{#if post.show_read_more}}\n                        <div class=\"blog-readmore\"><a data-instantload href=\"{{url}}\">{{lang 'blog.read_more'}}</a></div>\n                    {{/if}}\n                    {{/unless}}\n                    <div class=\"blog-date\"><span class=\"blog-date-date\">{{post.date_published}}{{#if post.author}}</span> <span class=\"blog-date-author\">{{lang 'blog.posted_by' name=post.author}}{{/if}}</span></div>\n                </div>\n            {{/if}}\n        </div>\n\n        {{#if show_tags}}\n            {{#if post.tags}}\n                <ul class=\"tags\">\n                    {{#each post.tags}}\n                    <li class=\"tag\">\n                        <a data-instantload href=\"{{url}}\">#{{name}}</a>\n                    </li>\n                    {{/each}}\n                </ul>\n            {{/if}}\n        {{/if}}\n\n        {{#unless hide_social_icons}}\n            {{> components/common/share url=post.url}}\n        {{/unless}}\n\n    </div>\n</article>\n",
  "components/common/navigation-list-child": "{{#if children}}\n    <a\n        class=\"navPage-childList-action navPages-action has-subMenu\" \n        href=\"{{url}}\"\n        {{#if menu_type '!=' 'vertical'}}data-instantload{{/if}}\n        {{#if id '==' category_id}}data-current-category{{/if}}\n        data-collapsible=\"navPages-{{id}}{{idSuffix}}\"\n        {{#if menu_type '!=' 'vertical'}}data-collapsible-disabled-breakpoint=\"medium\"{{/if}}\n        data-collapsible-disabled-state=\"open\"\n        data-collapsible-enabled-state=\"closed\">\n        {{name}} <i class=\"icon navPages-action-moreIcon\" aria-hidden=\"true\"><svg><use xlink:href=\"#icon-add\" /></svg></i>\n    </a>\n    <ul class=\"navPage-childList\" id=\"navPages-{{id}}{{idSuffix}}\">\n        <li class=\"navPage-childList-item\">\n            <a class=\"navPage-childList-action navPages-action\" data-instantload href=\"{{url}}\">{{lang 'category.view_all.name' category=name}}</a>\n        </li>\n        {{#each children}}\n            <li class=\"navPage-childList-item\">\n                {{> components/common/navigation-list-child \n                    category_id=../category_id \n                    idSuffix=../idSuffix \n                    theme_settings=../theme_settings\n                    menu_type=../menu_type}}\n            </li>\n        {{/each}}\n    </ul>\n{{else}}\n    <a class=\"navPage-childList-action navPages-action\" data-instantload href=\"{{url}}\" {{#if id '==' category_id}}data-current-category{{/if}}>{{name}}</a>\n{{/if}}\n",
  "components/products/price-range": "{{#and price.price_range.min.with_tax price.price_range.max.with_tax}}{{! Added by Papathemes to fix display tax/non-tax retail price when select product option }}\n{{#and price.retail_price_range.min.with_tax price.retail_price_range.max.with_tax}}\n    <div class=\"price-section price-section--withTax rrp-price--withTax\">\n        <span class=\"price-was-label\">{{theme_settings.pdp-retail-price-label}}</span>\n        <span data-product-rrp-price-with-tax class=\"price price--rrp\">{{price.retail_price_range.min.with_tax.formatted}} - {{price.retail_price_range.max.with_tax.formatted}}</span>\n    </div>\n{{else}}\n    {{#if price.with_tax}}\n        <div class=\"price-section price-section--withTax rrp-price--withTax\" style=\"display: none;\">\n            <span class=\"price-was-label\">{{theme_settings.pdp-retail-price-label}}</span>\n            <span data-product-rrp-with-tax class=\"price price--rrp\">\n                {{price.rrp_with_tax.formatted}}\n            </span>\n        </div>\n    {{/if}}\n{{/and}}\n{{/and}}\n{{#and price.price_range.min.with_tax price.price_range.max.with_tax}}\n    <div class=\"price-section price-section--withTax\" {{#if schema_org}}itemprop=\"offers\" itemscope itemtype=\"http://schema.org/Offer\"{{/if}}>\n        <span class=\"price-label\">{{theme_settings.pdp-price-label}}</span>\n        <span class=\"price-now-label\" style=\"display: none;\">{{theme_settings.pdp-sale-price-label}}</span>\n        <span data-product-price-with-tax class=\"price price--withTax price--main\">{{price.price_range.min.with_tax.formatted}} - {{price.price_range.max.with_tax.formatted}}</span>\n        {{#and price.price_range.min.without_tax price.price_range.max.without_tax}}\n            <abbr title=\"{{lang 'products.including_tax'}}\">{{lang 'products.price_with_tax' tax_label=price.price_range.min.tax_label}}</abbr>\n        {{/and}}\n        {{#if schema_org}}\n            <meta itemprop=\"url\" content=\"{{product.url}}\">\n            <meta itemprop=\"availability\" itemtype=\"http://schema.org/ItemAvailability\"\n                content=\"http://schema.org/{{#if product.pre_order}}PreOrder{{else if product.out_of_stock}}OutOfStock{{else if product.can_purchase '===' false}}OutOfStock{{else}}InStock{{/if}}\">\n            <meta itemprop=\"itemCondition\" itemtype=\"http://schema.org/OfferItemCondition\" content=\"http://schema.org/{{product.condition}}Condition\">\n            <meta itemprop=\"price\" content=\"{{toFixed price.price_range.min.with_tax.value settings.money.decimal_places}}\">\n            <meta itemprop=\"priceCurrency\" content=\"{{currency_selector.active_currency_code}}\">\n            <meta itemprop=\"priceValidUntil\" content='{{moment \"next year\" \"YYYY-MM-DD\"}}'>\n            <div itemprop=\"priceSpecification\" itemscope itemtype=\"http://schema.org/PriceSpecification\">\n                <meta itemprop=\"minPrice\" content=\"{{toFixed price.price_range.min.with_tax.value settings.money.decimal_places}}\"/>\n                <meta itemprop=\"price\" content=\"{{toFixed price.price_range.min.with_tax.value settings.money.decimal_places}}\">\n                <meta itemprop=\"maxPrice\" content=\"{{toFixed price.price_range.max.with_tax.value settings.money.decimal_places}}\"/>\n                <meta itemprop=\"priceCurrency\" content=\"{{currency_selector.active_currency_code}}\">\n                <meta itemprop=\"valueAddedTaxIncluded\" content=\"true\">\n            </div>\n        {{/if}}\n    </div>\n    {{!-- Never display the \"non-sales price\" if there is a price range to be shown, but we do want the element on the page --}}\n    <div class=\"price-section price-section--withTax non-sale-price--withTax\" style=\"display: none;\">\n        <span class=\"price-was-label\">{{theme_settings.pdp-non-sale-price-label}}</span>\n        <span data-product-non-sale-price-with-tax class=\"price price--non-sale\">\n            {{price.non_sale_price_with_tax.formatted}}\n        </span>\n    </div>\n{{/and}}\n{{#and price.price_range.min.with_tax price.price_range.min.without_tax}}\n    <div class=\"_br\"></div>\n{{/and}}\n{{#and price.retail_price_range.min.without_tax price.retail_price_range.max.without_tax}}\n    <div class=\"price-section price-section--withoutTax rrp-price--withoutTax{{#if price.with_tax}} price-section--minor{{/if}}\">\n        <span class=\"price-was-label\">{{theme_settings.pdp-retail-price-label}}</span>\n        <span data-product-rrp-price-without-tax class=\"price price--rrp\">{{price.retail_price_range.min.without_tax.formatted}} - {{price.retail_price_range.max.without_tax.formatted}}</span>\n    </div>\n{{else}}\n    {{#if price.without_tax}}\n        <div class=\"price-section price-section--withoutTax rrp-price--withoutTax{{#if price.with_tax}} price-section--minor{{/if}}\" style=\"display: none;\">\n            <span class=\"price-was-label\">{{theme_settings.pdp-retail-price-label}}</span>\n            <span data-product-rrp-price-without-tax class=\"price price--rrp\">\n                {{price.rrp_without_tax.formatted}}\n            </span>\n        </div>\n    {{/if}}\n{{/and}}\n{{#and price.price_range.min.without_tax price.price_range.max.without_tax}}\n    <div class=\"price-section price-section--withoutTax{{#and price_range.min.with_tax price_range.max.with_tax}} price-section--minor{{/and}}\" {{#if schema_org}}itemprop=\"offers\" itemscope itemtype=\"http://schema.org/Offer\"{{/if}}>\n        <span class=\"price-label\">{{theme_settings.pdp-price-label}}</span>\n        <span class=\"price-now-label\" style=\"display: none;\">{{theme_settings.pdp-sale-price-label}}</span>\n        <span data-product-price-without-tax class=\"price price--withoutTax price--main\">{{price.price_range.min.without_tax.formatted}} - {{price.price_range.max.without_tax.formatted}}</span>\n        {{#and price.price_range.min.with_tax price.price_range.max.with_tax}}\n            <abbr title=\"{{lang 'products.excluding_tax'}}\">{{lang 'products.price_without_tax' tax_label=price.price_range.min.tax_label}}</abbr>\n        {{/and}}\n        {{#if schema_org}}\n            <meta itemprop=\"url\" content=\"{{product.url}}\">\n            <meta itemprop=\"availability\" itemtype=\"http://schema.org/ItemAvailability\"\n                content=\"http://schema.org/{{#if product.pre_order}}PreOrder{{else if product.out_of_stock}}OutOfStock{{else if product.can_purchase '===' false}}OutOfStock{{else}}InStock{{/if}}\">\n            <meta itemprop=\"itemCondition\" itemtype=\"http://schema.org/OfferItemCondition\" content=\"http://schema.org/{{product.condition}}Condition\">\n            <meta itemprop=\"price\" content=\"{{toFixed price.price_range.min.without_tax.value settings.money.decimal_places}}\">\n            <meta itemprop=\"priceCurrency\" content=\"{{currency_selector.active_currency_code}}\">\n            <meta itemprop=\"priceValidUntil\" content='{{moment \"next year\" \"YYYY-MM-DD\"}}'>\n            <div itemprop=\"priceSpecification\" itemscope itemtype=\"http://schema.org/PriceSpecification\">\n                <meta itemprop=\"minPrice\" content=\"{{toFixed price.price_range.min.without_tax.value settings.money.decimal_places}}\"/>\n                <meta itemprop=\"price\" content=\"{{toFixed price.price_range.min.without_tax.value settings.money.decimal_places}}\">\n                <meta itemprop=\"maxPrice\" content=\"{{toFixed price.price_range.max.without_tax.value settings.money.decimal_places}}\"/>\n                <meta itemprop=\"priceCurrency\" content=\"{{currency_selector.active_currency_code}}\">\n                <meta itemprop=\"valueAddedTaxIncluded\" content=\"false\">\n            </div>\n        {{/if}}\n    </div>\n    {{!-- Never display the \"non-sales price\" if there is a price range to be shown, but we do want the element on the page --}}\n    <div class=\"price-section price-section--withoutTax non-sale-price--withoutTax{{#if price.with_tax}} price-section--minor{{/if}}\" style=\"display: none;\">\n        <span class=\"price-was-label\">{{theme_settings.pdp-non-sale-price-label}}</span>\n        <span data-product-non-sale-price-without-tax class=\"price price--non-sale\">\n            {{price.non_sale_price_without_tax.formatted}}\n        </span>\n    </div>\n{{/and}}\n\n{{!-- Never display the \"saving price\" element by default if there is a price range on the page to be shown --}}\n{{#if page_type '===' 'product'}}\n     <div class=\"price-section price-section--saving price\" style=\"display: none;\">\n            <span class=\"price\">{{lang 'products.you_save_opening_text'}}</span>\n            <span data-product-price-saved class=\"price price--saving\">\n                {{price.saved.formatted}}\n            </span>\n            <span class=\"price\">{{lang 'products.you_save_closing_bracket'}}</span>\n     </div>\n{{/if}}\n",
  "components/common/responsive-img-url": "<img\n    {{#if lazyload '==' 'disabled'}}\n        src=\"{{image}}\" \n    {{else}}\n        data-sizes=\"auto\"\n        src=\"data:image/gif;base64,R0lGODlhAQABAIAAAP///wAAACH5BAEAAAAALAAAAAABAAEAAAICRAEAOw==\" \n        data-src=\"{{image}}\"\n    {{/if}}\n    class=\"{{#unless lazyload '==' 'disabled'}}lazyload{{/unless}}{{#if class}} {{class}}{{/if}}\"\n    alt=\"{{alt}}\"\n    title=\"{{alt}}\"\n/>\n",
  "components/common/share": "\n{{#or settings.add_this.buttons settings.facebook_like_button.enabled}}\n    {{assignVar 'encodedUrl' (encodeURI url)}}\n    {{assignVar 'encodedTitle' (encodeURI head.title)}}\n    <div class=\"addthis_toolbox\">\n        {{#if settings.add_this.buttons}}\n            <ul class=\"socialLinks socialLinks--alt\"{{#if idPrefix}} id=\"socialLinks-{{idPrefix}}\"{{/if}}>\n                {{#each settings.add_this.buttons}}\n                    <li class=\"socialLinks-item socialLinks-item--{{service}}\">\n                        {{#if service '===' 'facebook'}}\n                        <a class=\"socialLinks__link icon icon--{{service}}\"\n                        title=\"{{{capitalize service}}}\"\n                        href=\"https://facebook.com/sharer/sharer.php?u={{getVar 'encodedUrl'}}\"\n                        target=\"_blank\"\n                        rel=\"noopener\"\n                        {{{annotation}}}\n                        >\n                            <span class=\"aria-description--hidden\">{{{capitalize service}}}</span>\n                            <svg>\n                                <use xlink:href=\"#icon-facebook\"/>\n                            </svg>\n                        </a>\n                        {{else if service '===' 'email'}}\n                        <a class=\"socialLinks__link icon icon--{{service}}\"\n                        title=\"{{{capitalize service}}}\"\n                        href=\"mailto:?subject={{getVar 'encodedTitle'}}&amp;body={{getVar 'encodedUrl'}}\"\n                        target=\"_self\"\n                        rel=\"noopener\"\n                        {{{annotation}}}\n                        >\n                            <span class=\"aria-description--hidden\">{{{capitalize service}}}</span>\n                            <svg>\n                                <use xlink:href=\"#icon-envelope\"/>\n                            </svg>\n                        </a>\n                        {{else if service '===' 'print'}}\n                        <a class=\"socialLinks__link icon icon--{{service}}\"\n                        title=\"{{{capitalize service}}}\"\n                        onclick=\"window.print();return false;\"\n                        {{{annotation}}}\n                        >\n                            <span class=\"aria-description--hidden\">{{{capitalize service}}}</span>\n                            <svg>\n                                <use xlink:href=\"#icon-print\"/>\n                            </svg>\n                        </a>\n                        {{else if service '===' 'twitter'}}\n                        <a class=\"socialLinks__link icon icon--{{service}}\"\n                        href=\"https://twitter.com/intent/tweet/?text={{getVar 'encodedTitle'}}&amp;url={{getVar 'encodedUrl'}}\"\n                        target=\"_blank\"\n                        rel=\"noopener\"\n                        title=\"{{{capitalize service}}}\"\n                        {{{annotation}}}\n                        >\n                            <span class=\"aria-description--hidden\">{{{capitalize service}}}</span>\n                            <svg>\n                                <use xlink:href=\"#icon-twitter\"/>\n                            </svg>\n                        </a>\n                        {{else if service '===' 'linkedin'}}\n                        <a class=\"socialLinks__link icon icon--{{service}}\"\n                        title=\"{{{capitalize service}}}\"\n                        href=\"https://www.linkedin.com/shareArticle?mini=true&amp;url={{getVar 'encodedUrl'}}&amp;title={{getVar 'encodedTitle'}}&amp;summary={{getVar 'encodedTitle'}}&amp;source={{getVar 'encodedUrl'}}\"\n                        target=\"_blank\"\n                        rel=\"noopener\"\n                        {{{annotation}}}\n                        >\n                            <span class=\"aria-description--hidden\">{{{capitalize service}}}</span>\n                            <svg>\n                                <use xlink:href=\"#icon-linkedin\"/>\n                            </svg>\n                        </a>\n                        {{else if service '===' 'pinterest'}}\n                        <a class=\"socialLinks__link icon icon--{{service}}\"\n                        title=\"{{{capitalize service}}}\"\n                        href=\"https://pinterest.com/pin/create/button/?url={{getVar 'encodedUrl'}}&amp;description={{getVar 'encodedTitle'}}\"\n                        target=\"_blank\"\n                        rel=\"noopener\"\n                        {{{annotation}}}\n                        >\n                            <span class=\"aria-description--hidden\">{{{capitalize service}}}</span>\n                            <svg>\n                                <use xlink:href=\"#icon-pinterest\"/>\n                            </svg>\n                        </a>\n                        {{/if}}\n                    </li>\n                {{/each}}\n            </ul>\n        {{/if}}\n        {{#if settings.facebook_like_button.enabled}}\n            <iframe\n                class=\"facebook{{#if settings.facebook_like_button.verb '===' 'recommend'}}Recommend{{else}}Like{{/if}}Btn\"\n                style=\"border:none; overflow:hidden; margin: 0; padding: 0; height: 20px; margin-top: .75rem; max-width: 100%\"\n                src=\"https://www.facebook.com/plugins/like.php?href={{settings.facebook_like_button.href}}&amp;layout=button_count{{#if settings.facebook_like_button.verb '===' 'recommend'}}&amp;action=recommend{{/if}}&amp;colorscheme=light&amp;height=20\"\n                scrolling=\"no\"\n                frameborder=\"0\"\n                allowTransparency=\"true\">\n            </iframe>\n        {{/if}}\n    </div>\n{{/or}}\n\n"
}