{
  "pages/amp/product": "---\nproduct:\n    videos:\n        limit: {{theme_settings.productpage_videos_count}}\n    reviews:\n        limit: {{theme_settings.productpage_reviews_count}}\n    related_products:\n        limit: {{theme_settings.productpage_related_products_count}}\n---\n{{#partial \"amp-style\"}}\n    {{> components/amp/products/styles }}\n{{/partial}}\n{{#partial \"amp-scripts\"}}\n    <script async custom-element=\"amp-accordion\" src=\"https://cdn.ampproject.org/v0/amp-accordion-0.1.js\"></script>\n    <script async custom-element=\"amp-carousel\" src=\"https://cdn.ampproject.org/v0/amp-carousel-0.1.js\"></script>\n    {{#if settings.add_this.buttons}}\n        <script async custom-element=\"amp-social-share\" src=\"https://cdn.ampproject.org/v0/amp-social-share-0.1.js\"></script>\n    {{/if}}\n    <script async custom-element=\"amp-iframe\" src=\"https://cdn.ampproject.org/v0/amp-iframe-0.1.js\"></script>\n    {{#if product.videos}}\n        <script async custom-element=\"amp-youtube\" src=\"https://cdn.ampproject.org/v0/amp-youtube-0.1.js\"></script>\n    {{/if}}\n{{/partial}}\n{{#partial \"page\"}}\n    {{> components/amp/common/header }}\n    <div itemscope itemtype=\"http://schema.org/Product\">\n        {{> components/amp/products/product-view schema=true}}\n    </div>\n    {{#if settings.amp_analytics_id}}\n        <amp-analytics type=\"googleanalytics\">\n            <script type=\"application/json\">\n            {\n                \"vars\": {\n                    \"account\": \"{{settings.amp_analytics_id}}\"\n                },\n                \"extraUrlParams\": {\n                    \"cd1\": \"{{page_type}}\",\n                    \"cd2\": \"{{product.id}}\",\n                    \"cd3\": \"{{product.url}}\",\n                    \"cd4\": \"{{product.title}}\",\n                    \"cd5\": \"{{product.sku}}\"\n                },\n                \"triggers\": {\n                    \"trackPageview\": {\n                        \"on\": \"visible\",\n                        \"request\": \"pageview\"\n                    },\n                    \"trackClickOnAddToCart\" : {\n                        \"on\": \"click\",\n                        \"selector\": \".productView-action a, .card-title a\",\n                        \"request\": \"event\",\n                        \"vars\": {\n                            \"eventCategory\": \"Product\",\n                            \"eventAction\": \"Add to Cart\"\n                        }\n                    },\n                    \"trackClickOnSocialLink\" : {\n                        \"on\": \"click\",\n                        \"selector\": \".amp-social-share\",\n                        \"request\": \"social\",\n                        \"vars\": {\n                            \"socialNetwork\": \"${socialType}\",\n                            \"socialAction\": \"Share\",\n                            \"socialTarget\": \"${productLink}\"\n                        }\n                    }\n                }\n            }\n            </script>\n        </amp-analytics>\n    {{/if}}\n    {{> components/amp/common/footer }}\n{{/partial}}\n{{> layout/amp }}\n",
  "components/amp/products/styles": "<style amp-custom>\n{{> components/amp/css/base}}\n{{> components/amp/css/header}}\n{{> components/amp/css/footer}}\n{{> components/amp/css/product}}\n</style>\n",
  "components/amp/common/header": "{{#if banners.top}}\n    <div class=\"banners\" data-banner-location=\"top\">\n        <div class=\"banner\">\n            {{{limit banners.top 1}}}\n        </div>\n    </div>\n{{/if}}\n\n<header class=\"amp-header\">\n    <button class=\"amp-menu-button\" on=\"tap:amp-menu.toggle\">\n        Toggle menu\n    </button>\n\n    <div class=\"amp-header-logo\">\n        {{> components/amp/common/store-logo}}\n    </div>\n</header>\n<amp-sidebar layout=\"nodisplay\" id=\"amp-menu\" data-menu>\n    {{> components/amp/common/navigation-menu}}\n</amp-sidebar>\n\n<div class=\"amp-quickSearch\">\n    {{> components/amp/common/quick-search}}\n</div>\n",
  "components/amp/products/product-view": "<div class=\"productView\">\n    {{#each product.reviews.messages}}\n        {{#if error}}\n            {{>components/amp/common/alert-error error}}\n        {{/if}}\n        {{#if success}}\n            {{>components/amp/common/alert-success success}}\n        {{/if}}\n    {{/each}}\n\n    {{#if schema}}\n        {{#if product.main_image}}\n            <meta itemprop=\"image\" content=\"{{getImage product.main_image 'zoom_size' (cdn theme_settings.default_image_product)}}\" />\n        {{/if}}\n    {{/if}}\n\n    <section class=\"productView-images\" data-image-gallery>\n        <amp-carousel width=\"250\"\n            height=\"250\"\n            layout=\"responsive\"\n            autoplay\n            delay=\"5000\"\n            type=\"slides\">\n            {{#each product.images}}\n                <amp-img src=\"{{getImage this 'product_size' (cdn ../theme_settings.default_image_product)}}\"\n                    width=\"250\"\n                    height=\"250\"\n                    layout=\"responsive\"\n                    alt=\"{{this.alt}}\">\n                </amp-img>\n            {{/each}}\n        </amp-carousel>\n    </section>\n\n    {{> components/amp/products/product-view-details}}\n\n    <div class=\"productView-action\">\n        {{#or customer (if theme_settings.restrict_to_login '!==' true)}}\n            <amp-iframe height=\"400\" width=\"250\"\n                layout=\"responsive\"\n                sandbox=\"allow-forms allow-pointer-lock allow-popups allow-same-origin allow-scripts allow-top-navigation allow-modals\"\n                resizable\n                src=\"{{product.amp_options_url}}\">\n                <div class=\"button button--primary button--wide\" overflow tabindex=\"0\" role=\"button\">Choose Options</div>\n            </amp-iframe>\n        {{/or}}\n        {{#if product.out_of_stock}}\n            {{#if product.out_of_stock_message}}\n                {{>components/amp/common/alert-error product.out_of_stock_message}}\n            {{else}}\n                {{>components/amp/common/alert-error (lang 'products.sold_out')}}\n            {{/if}}\n        {{/if}}\n    </div>\n\n    <amp-accordion class=\"productAccordion-wrapper\">\n        {{#if product.description}}\n            <section expanded class=\"productAccordion\">\n                <h4 class=\"productAccordion-title\">Description</h4>\n                <div class=\"productAccordion-content\"{{#if schema}} itemprop=\"description\"{{/if}}>\n                    {{{product.description}}}\n                </div>\n            </section>\n        {{/if}}\n        {{#if product.custom_fields.length}}\n            {{#if theme_settings.productpage_custom_fields_tab}}\n                <section expanded class=\"productAccordion\">\n                    <h4 class=\"productAccordion-title\">{{theme_settings.productpage_custom_fields_tab_title}}</h4>\n                    <div class=\"productAccordion-content addition\">\n                        <table class=\"productView-addition-table table\">\n                            <tbody class=\"table-tbody\">\n                                {{#if theme_settings.productpage_custom_fields_hide_special}}\n                                    {{#each product.custom_fields}}\n                                        {{#startsWith '__' name}}\n                                        {{else}}\n                                            <tr>\n                                                <td><div class=\"productView-info-name productView-info-name--cf{{pascalcase name}}\">{{name}}:</div></td>\n                                                <td><div class=\"productView-info-value productView-info-value--cf{{pascalcase name}}\">{{{value}}}</div></td>\n                                            </tr>\n                                        {{/startsWith}}\n                                    {{/each}}\n                                {{else}}\n                                    {{#each product.custom_fields}}\n                                        <tr>\n                                            <td><div class=\"productView-info-name productView-info-name--cf{{pascalcase name}}\">{{name}}:</div></td>\n                                            <td><div class=\"productView-info-value productView-info-value--cf{{pascalcase name}}\">{{{value}}}</div></td>\n                                        </tr>\n                                    {{/each}}\n                                {{/if}}\n                            </tbody>\n                        </table>\n                    </div>\n                </section>\n            {{/if}}\n        {{/if}}\n        {{#if product.videos.list.length}}\n            {{> components/amp/products/videos product.videos}}\n        {{/if}}\n        {{#if settings.show_product_reviews}}\n            {{> components/amp/products/reviews reviews=product.reviews product=product urls=urls}}\n        {{/if}}\n        {{#if settings.add_this.buttons}}\n            <section expanded class=\"productAccordion\">\n                <h4 class=\"productAccordion-title\">Share</h4>\n                <div class=\"productAccordion-content social-share\">\n                    {{> components/amp/common/share }}\n                </div>\n            </section>\n        {{/if}}\n    </amp-accordion>\n</div>\n",
  "components/amp/common/footer": "<footer class=\"amp-footer\" role=\"contentinfo\">\n\n    {{#if theme_settings.footer_show_aboutus}}\n    <article class=\"amp-footer-col amp-footer-col--about\" data-section-type=\"storeInfo\">\n        <h5 class=\"amp-footer-heading\">{{> components/amp/common/store-logo}}</h5>\n        {{#if theme_settings.footer_show_contact}}\n            <address>{{nl2br settings.address}}</address>\n            {{#if settings.phone_number}}\n                <strong>{{lang 'footer.call_us' phone_number=settings.phone_number}}</strong>\n            {{/if}}\n        {{/if}}\n    </article>\n    {{/if}}\n\n    <article class=\"amp-footer-col amp-footer-col--pages\" data-section-type=\"footer-webPages\">\n        <h5 class=\"amp-footer-heading\">{{lang 'footer.navigate'}}</h5>\n        <ul class=\"amp-footer-list\">\n            {{#each pages}}\n            <li>\n                <a href=\"{{url}}\">{{name}}</a>\n            </li>\n            {{/each}}\n            <li>\n                <a href=\"{{urls.sitemap}}\">{{lang 'sitemap.page_title'}}</a>\n            </li>\n        </ul>\n    </article>\n\n    <article class=\"amp-footer-col amp-footer-col--categories\" data-section-type=\"footer-categories\">\n        <h5 class=\"amp-footer-heading\">{{lang 'footer.categories'}}</h5>\n        <ul class=\"amp-footer-list\">\n            {{#each categories}}\n                <li>\n                    <a href=\"{{url}}\">{{name}}</a>\n                </li>\n            {{/each}}\n        </ul>\n    </article>\n\n    <article class=\"amp-footer-col amp-footer-col--brands\" data-section-type=\"footer-brands\">\n        <h5 class=\"amp-footer-heading\">{{lang 'footer.brands'}}</h5>\n        <ul class=\"amp-footer-list\">\n            {{#each shop_by_brand}}\n                <li>\n                    <a href=\"{{url}}\">{{name}}</a>\n                </li>\n            {{/each}}\n            <li><a href=\"{{urls.brands}}\">{{lang 'common.view_all'}}</a></li>\n        </ul>\n    </article>\n\n    <article class=\"amp-footer-copyright\">\n        {{#if theme_settings.show_powered_by}}\n            <p>{{lang 'footer.powered_by'}} <a href=\"http://bigcommerce.com?utm_source=merchant&amp;utm_medium=poweredbyBC\" rel=\"nofollow\">BigCommerce</a></p>\n        {{/if}}\n        {{#if theme_settings.show_copyright_footer}}\n            <p class=\"powered-by\">&copy; {{settings.store_name}} </p>\n        {{/if}}\n    </article>\n</footer>\n",
  "layout/amp": "<!DOCTYPE html>\n<html amp class=\"no-js\" lang=\"{{ locale_name }}\">\n    <head>\n        <meta charset=\"utf-8\">\n        <script async src=\"https://cdn.ampproject.org/v0.js\"></script>\n        <meta name=\"viewport\" content=\"width=device-width, initial-scale=1, minimum-scale=1, maximum-scale=1\">\n        <style amp-boilerplate>body{-webkit-animation:-amp-start 8s steps(1,end) 0s 1 normal both;-moz-animation:-amp-start 8s steps(1,end) 0s 1 normal both;-ms-animation:-amp-start 8s steps(1,end) 0s 1 normal both;animation:-amp-start 8s steps(1,end) 0s 1 normal both}@-webkit-keyframes -amp-start{from{visibility:hidden}to{visibility:visible}}@-moz-keyframes -amp-start{from{visibility:hidden}to{visibility:visible}}@-ms-keyframes -amp-start{from{visibility:hidden}to{visibility:visible}}@-o-keyframes -amp-start{from{visibility:hidden}to{visibility:visible}}@keyframes -amp-start{from{visibility:hidden}to{visibility:visible}}</style><noscript><style amp-boilerplate>body{-webkit-animation:none;-moz-animation:none;-ms-animation:none;animation:none}</style></noscript>\n        <title>{{ head.title }}</title>\n        {{{ head.meta_tags }}}\n        {{{ head.config }}}\n        {{#block \"head\"}} {{/block}}\n        <link href=\"{{ head.favicon }}\" rel=\"shortcut icon\">\n        <link href=\"https://fonts.googleapis.com/css?family=Roboto:400,700|Karla:400|Montserrat:400\" rel=\"stylesheet\">\n        {{#block \"amp-style\"}} {{/block}}\n        {{!-- Theme settings: --}}\n        {{~inject 'add_to_cart_popup' theme_settings.add_to_cart_popup}}\n        {{~inject 'redirect_cart' theme_settings.redirect_cart}}\n        {{~inject 'alsobought_thumbnail_size' theme_settings.alsobought_thumbnail_size}}\n        {{~inject 'pdp_price_label' theme_settings.pdp-price-label}}\n        {{~inject 'pdp_sale_price_label' theme_settings.pdp-sale-price-label}}\n        {{~inject 'pdp_non_sale_price_label' theme_settings.pdp-non-sale-price-label}}\n        {{~inject 'pdp_retail_price_label' theme_settings.pdp-retail-price-label}}\n        {{~inject 'alsobought_checked' theme_settings.alsobought_checked}}\n        {{~inject 'homepage_show_carousel' theme_settings.homepage_show_carousel}}\n        {{~inject 'product_new_count' theme_settings.product_new_count}}\n        {{~inject 'product_featured_count' theme_settings.product_featured_count}}\n        {{~inject 'product_top_count' theme_settings.product_top_count}}\n        {{~inject 'homepage_blog_posts_count' theme_settings.homepage_blog_posts_count}}\n        {{~inject 'product_recently_viewed' theme_settings.product_recently_viewed}}\n        {{~inject 'sidebar_shop_by_brand' theme_settings.sidebar_shop_by_brand}}\n        {{~inject 'productpage_videos_count' theme_settings.productpage_videos_count}}\n        {{~inject 'productpage_reviews_count' theme_settings.productpage_reviews_count}}\n        {{~inject 'productpage_related_products_count' theme_settings.productpage_related_products_count}}\n        {{~inject 'productpage_similar_by_views_count' theme_settings.productpage_similar_by_views_count}}\n        {{~inject 'categorypage_products_per_page' theme_settings.categorypage_products_per_page}}\n        {{~inject 'brandpage_products_per_page' theme_settings.brandpage_products_per_page}}\n        {{~inject 'categorypage_search' theme_settings.categorypage_search}}\n        {{~inject 'categorypage_search_subs' theme_settings.categorypage_search_subs}}\n        {{~inject 'instantload' theme_settings.instantload}}\n        {{~inject 'navPages_animation' theme_settings.navPages_animation}}\n        {{~inject 'show_bulk_order_mode' theme_settings.show_bulk_order_mode}}\n        {{~inject 'swatch_option_display_type' theme_settings.swatch_option_display_type}}\n        {{~inject 'zoom_size' theme_settings.zoom_size}}\n        {{~inject 'product_size' theme_settings.product_size}}\n        {{~inject 'product_image_responsive' theme_settings.product_image_responsive}}\n        {{!-- // --}}\n        {{inject 'genericError' (lang 'common.generic_error')}}\n        {{inject 'maintenanceMode' settings.maintenance}}\n        {{inject 'urls' urls}}\n        {{{snippet 'htmlhead'}}}\n        <script async custom-element=\"amp-form\" src=\"https://cdn.ampproject.org/v0/amp-form-0.1.js\"></script>\n        <script async custom-element=\"amp-sidebar\" src=\"https://cdn.ampproject.org/v0/amp-sidebar-0.1.js\"></script>\n        {{#if settings.amp_analytics_id}}\n            <script async custom-element=\"amp-analytics\" src=\"https://cdn.ampproject.org/v0/amp-analytics-0.1.js\"></script>\n        {{/if}}\n        {{#block \"amp-scripts\"}}{{/block}}\n    </head>\n    <body>\n        {{#block \"page\"}} {{/block}}\n    </body>\n</html>\n",
  "components/amp/css/base": "*,\n*:after,\n*:before {\n    box-sizing: border-box;\n}\nhtml {\n    font-size: 14px\n}\nhtml,\nbody {\n    height: auto\n}\n\nbody {\n    font-size: 1rem;\n    font-family: Roboto, Arial, Helvetica, sans-serif;\n    font-weight: 400;\n    line-height: 1.5;\n    color: #4f4f4f;\n    padding-top: 55px;\n    -webkit-font-smoothing: antialiased;\n    -moz-osx-font-smoothing: grayscale;\n}\nul {\n    margin: 0;\n    padding: 0;\n}\nli {\n    padding: 0;\n    margin: 0;\n}\na {\n    color: #282828;\n    line-height: inherit;\n    text-decoration: none;\n}\na:hover,\na:focus {\n    color: #a5a5a5\n}\np {\n    margin-bottom: 1.5rem\n}\n\nh1,\nh2,\nh3,\nh4,\nh5,\nh6 {\n    color: #282828;\n    font-family: Roboto, Arial, Helvetica, sans-serif;\n    font-weight: 700;\n    letter-spacing: .25px;\n    margin-bottom: .78571rem;\n    margin-top: 2.28571rem\n}\nh1 small,\nh2 small,\nh3 small,\nh4 small,\nh5 small,\nh6 small {\n    color: #989898;\n    font-size: 60%;\n    line-height: 0\n}\nh1 {\n    font-size: 28px\n}\nh2 {\n    font-size: 25px\n}\nh3 {\n    font-size: 22px\n}\nh4 {\n    font-size: 20px\n}\nh5 {\n    font-size: 15px\n}\nh6 {\n    font-size: 13px;\n    text-transform: uppercase\n}\n\nhr {\n    border: solid #e8e8e8;\n    border-width: 1px 0 0;\n    clear: both;\n    height: 0;\n    margin: 2rem 0 1.92857rem\n}\nem,\ni {\n    font-style: italic;\n    line-height: inherit\n}\nstrong,\nb {\n    font-weight: 700;\n    line-height: inherit\n}\nsmall {\n    font-size: 60%;\n    line-height: inherit\n}\nul,\nol,\ndl {\n    list-style-position: outside;\n    margin-bottom: 1.5rem\n}\nul ul,\nul ol,\nol ul,\nol ol {\n    margin-left: 1.2rem;\n    margin-bottom: 0\n}\nul {\n    margin-left: 1.15rem\n}\nol {\n    margin-left: 1.15rem\n}\ndl dt {\n    font-weight: 700;\n}\nabbr,\nacronym {\n    border-bottom: 1px dotted #dfdfdf;\n    color: #4f4f4f;\n    cursor: help;\n    font-size: 90%;\n    text-transform: uppercase\n}\nabbr {\n    text-transform: none\n}\nblockquote,\nblockquote p {\n    font-size: 22px;\n    line-height: 29px\n}\ncite {\n    color: #a5a5a5;\n    display: block;\n    font-size: 1rem;\n    line-height: 1.5;\n}\ntable {\n    border-collapse: collapse;\n    border-spacing: 0;\n}\ntd,\nth {\n    padding: 0;\n}\n.icon {\n    height: 1.14286rem;\n    width: 1.14286rem;\n    display: inline-block;\n    vertical-align: middle\n}\n.icon svg {\n    display: inline-block;\n    fill: #4f4f4f;\n    height: 100%;\n    vertical-align: top;\n    width: 100%\n}\n.is-srOnly,\n.modal {\n    display: none;\n}\n\n.body {\n    margin-bottom: 6rem;\n    margin-top: 1.5rem\n}\n\n.container {\n    margin-left: auto;\n    margin-right: auto;\n    max-width: 91.71429rem;\n    padding: 0 1.5rem;\n    position: relative;\n}\n\n.button {\n    border-radius: 0;\n    border-style: solid;\n    border-width: 1px;\n    cursor: pointer;\n    font-family: \"Montserrat\", Arial, Helvetica, sans-serif;\n    font-weight: 400;\n    line-height: normal;\n    margin: 0 0 1rem;\n    position: relative;\n    text-align: center;\n    text-decoration: none;\n    display: inline-block;\n    background-color: transparent;\n    border-color: #dfdfdf;\n    color: #454545;\n    font-size: 1rem;\n    padding: .85714rem 2.28571rem;\n    border-radius: 4px;\n    outline: none;\n    vertical-align: middle\n}\n.button:hover,\n.button:focus,\n.button.is-active,\n.button.active {\n    background-color: transparent;\n    border-color: #989898;\n    color: #666\n}\n.button:active {\n    background-color: transparent;\n    border: 1px solid #454545;\n    color: #454545\n}\n.button:focus,\n.button.is-active,\n.button.active {\n    outline: none\n}\n.button--primary {\n    background-color: #454545;\n    border-color: #454545;\n    color: #fff\n}\n.button--primary:hover,\n.button--primary:focus,\n.button--primary.is-active,\n.button--primary.active {\n    background-color: #666;\n    border-color: #666;\n    color: #fff\n}\n.button--primary:active {\n    background-color: #989898;\n    border: 1px solid #989898;\n    color: #fff\n}\n.button[disabled] {\n    background-color: #dadada;\n    border-color: #dadada;\n    color: #fff;\n    cursor: default\n}\n\n.button--wide {\n    display: block;\n    width: 100%\n}\n\n.button--icon {\n    font-size: 1rem;\n    padding: .78571rem\n}\n.button--icon svg {\n    fill: #4f4f4f\n}\n\n.icon--ratingEmpty svg {\n    fill: #dfdfdf;\n}\n\n.icon--ratingFull svg {\n    fill: #ffb400;\n}\n\n.price--rrp,\n.price--non-sale,\n.price--discounted {\n    text-decoration: line-through;\n}\n.price-section .price--withoutTax {\n    color: #ff6600;\n}\n.table {    \n    margin: 2rem 0;\n    border: 1px solid #dcdcdc;\n    table-layout: auto;\n    width: 100%;\n}\n.table-tbody tr {\n    border-bottom: 1px solid #dcdcdc;\n}\n.table-tbody tr:last-child {\n    border-bottom: 0;\n}\n.table td + td {\n    border-left: 1px solid #dcdcdc;\n}\n.table tr th,\n.table tr td {\n    padding: 0.78571rem 1.5rem;\n    text-align: left;\n}\n.table thead tr th, \n.table tfoot tr th, \n.table tfoot tr td, \n.table tbody tr th, \n.table tbody tr td, \n.table tr td {\n    display: table-cell;\n}\n\n.rrp-price--withTax,\n.rrp-price--withoutTax {\n    display: none;\n}\n\n.price-now-label,\n.price-was-label {\n    display: none;\n}\n",
  "components/amp/css/header": ".amp-menu-button {\n    background-color: transparent;\n    background-image: url('data:image/svg+xml;utf8,<svg xmlns=\"http://www.w3.org/2000/svg\" viewBox=\"-3 -6 24 24\"><path fill=\"{{#replace '#' theme_settings.navUser-color}}%23{{/replace}}\" d=\"M0 12h18v-2H0v2M0 7h18V5H0v2M0 0v2h18V0H0\"/></svg>');\n    background-repeat: no-repeat;\n    background-size: 2rem 1.8rem;\n    background-position: center center;\n    width: 3.92857rem;\n    height: 3.92857rem;\n    cursor: pointer;\n    align-self: center;\n    font-size: 0;\n    border: 0;\n    flex-shrink: 0;\n}\n\n.amp-header {\n    background-color: {{theme_settings.header-backgroundColor}};\n    border-bottom: 1px solid #e8e8e8;\n    position: fixed;\n    top: 0;\n    width: 100%;\n    height: 55px;\n    z-index: 20;\n    display: flex;\n    align-items: center;\n    box-shadow: 0 1px 5px rgba(0, 0, 0, 0.1);\n}\n\n.amp-header-link {\n    display: inline-block;\n    text-decoration: none;\n}\n\n.amp-header-logo {\n    flex-grow: 1;\n    padding-right: 3.92857rem;\n    text-align: center;\n    display: flex;\n    align-items: center;\n    justify-content: center;\n}\n\n.amp-header-logo amp-img {\n    max-height: 55px;\n    max-width: calc(100vw - 55px);\n}\n\n.amp-header-logo img {\n    object-fit: contain;\n}\n\n.amp-empty-space {\n    width: 3.92857rem;\n}\n\n.amp-header-logo-text {\n    display: block;\n    font-family: \"Roboto\", Arial, Helvetica, sans-serif;\n    font-size: 16px;\n    font-weight: 700;\n    letter-spacing: 0;\n    margin-left: auto;\n    margin-right: auto;\n    overflow: hidden;\n    padding: 0.21429rem 0;\n    text-overflow: ellipsis;\n    text-transform: uppercase;\n    white-space: nowrap;\n    color: {{theme_settings.storeName-color}};\n}\n\n.amp-quickSearch {\n    padding: 0.78571rem 1.14286rem;\n}\n\n.amp-quickSearch .form-input {\n    width: 100%;\n    padding: 0.35714rem 0.78571rem;\n    height: 2.21429rem;\n}\n\n.amp-quickSearch .form-field {\n    position: relative;\n}\n\n.amp-quickSearch .form-field:before {\n    content: '';\n    display: block;\n    background-color: transparent;\n    background-image: url('data:image/svg+xml;utf8,<svg enable-background=\"new 0 0 128 128\" height=\"128px\" id=\"Layer_1\" version=\"1.1\" viewBox=\"0 0 128 128\" width=\"128px\" xml:space=\"preserve\" xmlns=\"http://www.w3.org/2000/svg\" xmlns:xlink=\"http://www.w3.org/1999/xlink\"><g id=\"search\"><path d=\"M115.613,105.593L91.421,81.401c5.06-7.278,8.035-16.115,8.035-25.651c0-24.853-20.147-45-45-45   s-45,20.147-45,45s20.147,45,45,45c9.536,0,18.373-2.975,25.651-8.035l24.192,24.192c1.562,1.562,3.609,2.343,5.657,2.343   s4.095-0.781,5.657-2.343C118.737,113.782,118.737,108.718,115.613,105.593z M17.456,55.75c0-20.402,16.598-37,37-37   s37,16.598,37,37s-16.598,37-37,37S17.456,76.152,17.456,55.75z\" fill=\"#454545\"/></g></svg>');\n    background-repeat: no-repeat;\n    background-size: 1.5rem 1.5rem;\n    background-position: center center;\n    width: 2.21429rem;\n    height: 2.21429rem;\n    position: absolute;\n    top: 0;\n    right: 0.382855rem;\n}\n\n.banners {\n    background-color: #4f4f4f;\n    color: #fff;\n    padding: .78571rem 0;\n    text-align: center\n}\n.banners p:last-child {\n    margin-bottom: 0\n}\n.banners a {\n    color: #fff\n}\n.banner {\n    margin: 0 auto;\n    max-width: 85.71429rem;\n    width: 100%\n}\n.banner:before,\n.banner:after {\n    content: \" \";\n    display: table\n}\n.banner:after {\n    clear: both\n}\n.banner + .banner {\n    margin-top: 1.5rem\n}\n\n\n.form-fieldset {\n    border-width: 0;\n    margin: 0;\n    padding: 0\n}\n\n\n.form-input {\n    appearance: none;\n    background-color: #fff;\n    border-color: #dfdfdf;\n    border-style: solid;\n    border-width: 1px;\n    border-radius: 4px;\n    color: #454545;\n    display: block;\n    font-family: inherit;\n    font-size: 1rem;\n    font-smoothing: antialiased;\n    height: 3rem;\n    margin: 0;\n    padding: .75rem 1rem;\n    transition: border-color 100ms ease-out;\n}\n.form-input:disabled {\n    background-color: #fff;\n    color: #a5a5a5;\n    cursor: not-allowed\n}\n.form-input[readonly] {\n    background-color: #f8f8f8;\n    border-color: #454545;\n    color: #989898;\n    cursor: text\n}\n.form-input:focus {\n    border-color: #989898;\n    outline: none\n}\n\n.navPages {\n    background-color: #f2f2f2;\n    height: 100%;\n    overflow-y: auto;\n    padding: 1.5rem\n}\n\n.navPages-list {\n    margin: .78571rem 0 0;\n    padding: 0;\n    list-style: none;\n}\n.navPages-list + .navPages-list {\n    border-top: 1px solid #dfdfdf;\n    padding-top: .78571rem\n}\n.navPages-action {\n    display: block;\n    font-size: 15px;\n    font-weight: 700;\n    padding: .78571rem 0;\n    text-decoration: none;\n    text-transform: uppercase\n}\n",
  "components/amp/css/product": ".productView {\n    margin-left: auto;\n    margin-right: auto;\n    max-width: 91.71429rem;\n    padding: 1rem 1.5rem;\n}\n\n.productView-images {\n    padding: 2rem 0;\n}\n\n.productView-action {\n    margin-bottom: 2rem;\n}\n\n.productAccordion-title {\n    background-color: #f2f2f2;\n    border-right: 0;\n    border-left: 0;\n    padding: .75rem 1.5rem;\n    margin-bottom: -1px;\n    font-size: 1rem;\n    text-transform: uppercase;\n    position: relative;\n}\n\n.productAccordion-title:after {\n    content: '';\n    display: block;\n    width: 16px;\n    height: 16px;\n    background-image: url('data:image/svg+xml;utf8,<svg version=\"1.1\" id=\"Layer_1\" xmlns=\"http://www.w3.org/2000/svg\" xmlns:xlink=\"http://www.w3.org/1999/xlink\" x=\"0px\" y=\"0px\" width=\"24px\" height=\"24px\" viewBox=\"0 0 24 24\" enable-background=\"new 0 0 24 24\" xml:space=\"preserve\"><polygon points=\"23,11 13,11 13,1 11,1 11,11 1,11 1,13 11,13 11,23 13,23 13,13 23,13 \"/></svg>');\n    background-size: 100%;\n    position: absolute;\n    top: 50%;\n    right: .75rem;\n    transform: translateY(-50%);\n    transition: transform .2s ease;\n}\n\namp-accordion > section[expanded] > .productAccordion-title:after {\n    transform: translateY(-50%) rotate(45deg);\n}\n\n.productAccordion-content {\n    padding: 1rem 0;\n}\n\n.socialLinks {\n    margin: 1rem 0 0;\n    padding: 0;\n    text-align: center;\n}\n\n.socialLinks-item {\n    margin: 0;\n    padding: 0;\n    display: inline-block;\n    font-size: 0;\n    margin-bottom: .35714rem;\n    margin-right: .78571rem\n}\n.socialLinks-item:last-child {\n    margin-right: 0\n}\n\n\n.writeReview-productDetails .product-brand {\n    color: #a5a5a5;\n    margin: 0\n}\n.writeReview-productDetails .product-title {\n    margin-top: 0\n}\n.account--addReturn .table {\n    display: block;\n    margin-bottom: 3rem\n}\n.quickView:before,\n.quickView:after {\n    content: \" \";\n    display: table\n}\n.quickView:after {\n    clear: both\n}\n.productReviews-list {\n    list-style: none;\n    margin: 0 -.75rem;\n    max-width: none;\n    width: auto;\n    font-size: 0\n}\n.productReviews-list ul,\n.productReviews-list ol {\n    list-style: none;\n    margin-bottom: 0\n}\n.productReviews-list:before,\n.productReviews-list:after {\n    content: \" \";\n    display: table\n}\n.productReviews-list:after {\n    clear: both\n}\n.productReview {\n    padding-left: .75rem;\n    padding-right: .75rem;\n    width: 100%;\n    float: left;\n    display: inline-block;\n    float: none;\n    font-size: 1rem;\n    vertical-align: top\n}\n.productReview-title {\n    margin: .5rem 0;\n    text-transform: none\n}\n.productReview-author {\n    color: #989898;\n    margin: .5rem 0 1rem\n}\n.productReview-rating {\n    display: inline-block;\n    margin-bottom: .35714rem\n}\n.productReview-ratingNumber {\n    border: 0;\n    clip: rect(1px, 1px, 1px, 1px);\n    height: 1px;\n    overflow: hidden;\n    padding: 0;\n    position: absolute;\n    width: 1px\n}\n.productView-details {\n    margin-bottom: 1rem\n}\n.productView-product >:last-child {\n    margin-bottom: 0\n}\n.productView-title {\n    font-size: 16px;\n    margin: -.78571rem 0 .35714rem\n}\n.productView-brand {\n    font-family: Karla, Arial, Helvetica, sans-serif;\n    color: #a5a5a5;\n    font-size: 14px;\n    font-weight: normal;\n    margin: 0 0 .78571rem\n}\n.productView-brand a {\n    color: #989898\n}\n.productView-brand a:hover {\n    color: #4f4f4f\n}\n.productView-price {\n    font-size: 15px;\n    margin-bottom: .5rem\n}\n.productView-price .price-section--saving {\n    font-size: 15px\n}\n.productView-price abbr {\n    border: 0;\n    color: inherit;\n    font-size: inherit\n}\n.productView-info {\n    margin-top: .78571rem\n}\n.productView-info >:last-child {\n    margin-bottom: 0\n}\n.productView-info-name,\n.productView-info-value {\n    display: inline;\n    margin: 0;\n}\n.productView-info-name {\n    margin-right: 5px;\n}\n.productView-info-value::after {\n    content: \"\\A\";\n    white-space: pre;\n}\n\n.productView-addition-table {\n    margin-top: 1rem;\n}\n\n.alertBox {\n    margin-bottom: .78571rem;\n    padding: .78571rem 1.14286rem;\n    background-color: #e8e8e8;\n    border-radius: 4px\n}\n\n.alertBox .icon {\n    height:1.42857rem;\n    width:1.42857rem\n}\n\n.alertBox--success {\n    background-color:#d5ffd8;\n    border-color:#d5ffd8;\n}\n\n.alertBox--success svg {\n    fill:#69d66f\n}\n\n.alertBox--error{\n    background-color:#fdd;\n    border-color:#fdd\n}\n\n.alertBox--error svg {\n    fill:#ff7d7d\n}\n\n.alertBox-column{\n    display:table-cell;\n    vertical-align:middle\n}\n\n.alertBox-icon{\n    text-align: center;\n    padding-right: 1.14286rem\n}\n\n.alertBox-message {\n    margin: 0;\n    width: 100%\n}\n\n[data-custom-tab-title] {\n    font-weight: bold;\n    text-transform: uppercase;\n    border-top: 1px solid #dcdcdc;\n    padding-top: 1.5rem;\n}\n",
  "components/amp/css/footer": ".amp-footer {\n    color: #505050;\n    border-top: 1px solid #e8e8e8;\n    display: flex;\n    flex-wrap: wrap;\n    align-items: flex-start;\n}\n\n.amp-footer-col {\n    padding: 0 1.14286rem;\n    width: 50%;\n}\n\n.amp-footer-col--about {\n    width: 100%;\n    text-align: center;\n}\n\n.amp-footer-col--about address {\n    font-style: normal;\n    margin-bottom: 0.78571rem;\n}\n\n.amp-footer-col--brands {\n    width: 100%;\n}\n.amp-footer-col--brands .amp-footer-list {\n    columns: 2;\n}\n\n.amp-footer a {\n    color: #989898;\n    text-decoration: none\n}\n.amp-footer a:hover {\n    color: #4f4f4f\n}\n\n.amp-footer-heading {\n    text-transform: uppercase;\n    font-size: 18px;\n}\n\n.amp-footer-heading a {\n    color: #282828;\n}\n\n.amp-footer-list {\n    margin: 0;\n    list-style-type: none;\n}\n\n.amp-footer-list li {\n    padding: 3px 0;\n}\n\n.amp-footer-copyright {\n    width: 100%;\n    background: #f0f0f0;\n    padding: 0.78571rem;\n    text-align: center;\n    margin-top: 3rem;\n}\n\n.amp-footer-copyright p {\n    margin: 0;\n}\n",
  "components/amp/common/store-logo": "<a href=\"{{urls.home}}\" class=\"amp-header-link\">\n    {{#if settings.store_logo.image}}\n        <amp-img src=\"{{getImage settings.store_logo.image 'logo_size'}}\"\n            {{#if theme_settings.logo_size '===' 'original' }}\n                width=\"100\"\n                height=\"50\"\n            {{else}}\n                width=\"{{first (split theme_settings.logo_size 'x')}}\"\n                height=\"{{last (split theme_settings.logo_size 'x')}}\"\n            {{/if}}\n            alt=\"{{settings.store_logo.title}}\">\n        </amp-img>\n    {{else}}\n        <span class=\"amp-header-logo-text\">{{settings.store_logo.title}}</span>\n    {{/if}}\n</a>\n",
  "components/amp/common/navigation-menu": "<nav class=\"navPages\">\n    {{! Supermarket: Removed search form here }}\n    <ul class=\"navPages-list\">\n        {{#each categories}}\n            <li class=\"navPages-item\">\n                {{> components/common/navigation-list}}\n            </li>\n        {{/each}}\n        {{#unless theme_settings.hide_content_navigation}}\n            {{#each pages}}\n                 <li class=\"navPages-item\">\n                     <a class=\"navPages-action\" href=\"{{url}}\">{{name}}</a>\n                 </li>\n             {{/each}}\n        {{/unless}}\n    </ul>\n    <ul class=\"navPages-list navPages-list--user\">\n        {{#if currency_selector.currencies.length '>' 1}}\n            <li class=\"navPages-item\">\n                <a class=\"navPages-action has-subMenu\" href=\"#\" data-collapsible=\"navPages-currency\" aria-controls=\"navPages-currency\" aria-expanded=\"false\">\n                    {{{lang 'common.currency' code=currency_selector.active_currency_code}}} <span class=\"icon navPages-action-moreIcon\" aria-hidden=\"true\"><svg><use xmlns:xlink=\"http://www.w3.org/1999/xlink\" xlink:href=\"#icon-chevron-down\"></use></svg></span>\n                </a>\n                <div class=\"navPage-subMenu\" id=\"navPages-currency\" aria-hidden=\"true\" tabindex=\"-1\">\n                    <ul class=\"navPage-subMenu-list\">\n                        {{#each currency_selector.currencies}}\n                        <li class=\"navPage-subMenu-item\">\n                            <a class=\"navPage-subMenu-action navPages-action\" href=\"{{{switch_url}}}\">\n                                {{#if is_active}}\n                                    <strong>{{name}}</strong>\n                                {{else}}\n                                    {{name}}\n                                {{/if}}\n                            </a>\n                        </li>\n                        {{/each}}\n                    </ul>\n                </div>\n            </li>\n        {{/if}}\n        <li class=\"navPages-item\">\n            <a class=\"navPages-action\" href=\"{{urls.gift_certificate.purchase}}\">{{lang 'common.gift_cert'}}</a>\n        </li>\n        {{#if customer.store_credit.value '>' 0}}\n            <li class=\"navPages-item\">\n                <a class=\"navPages-action navPages-action--storeCredit\">\n                    {{lang 'common.store_credit_overview' credit=customer.store_credit.formatted}}\n                </a>\n            </li>\n        {{/if}}\n        {{#if theme_settings.product_list_display_mode '==' 'list'}}\n            <li class=\"navPages-item\">\n                <a class=\"navPages-action navPages-action--compare\" href=\"{{urls.compare}}\" data-compare-nav>{{lang 'common.compare'}} <span class=\"countPill countPill--positive countPill--alt\"></span></a>\n            </li>\n        {{/if}}\n        {{#if customer}}\n            <li class=\"navPages-item\">\n                <a class=\"navPages-action has-subMenu\" href=\"{{urls.account.index}}\" data-collapsible=\"navPages-account\">\n                    {{lang 'common.account'}} <span class=\"icon navPages-action-moreIcon\" aria-hidden=\"true\"><svg><use xlink:href=\"#icon-chevron-down\" /></svg></span>\n                </a>\n                <div class=\"navPage-subMenu\" id=\"navPages-account\" aria-hidden=\"true\" tabindex=\"-1\">\n                    <ul class=\"navPage-subMenu-list\">\n                        <li class=\"navPage-subMenu-item\">\n                            <a class=\"navPage-subMenu-action navPages-action\" href=\"{{urls.account.orders.all}}\">{{lang 'account.nav.orders'}}</a>\n                        </li>\n                        {{#if settings.returns_enabled}}\n                            <li class=\"navPage-subMenu-item\">\n                                <a class=\"navPage-subMenu-action navPages-action\" href=\"{{urls.account.returns}}\">{{lang 'account.nav.returns'}}</a>\n                            </li>\n                        {{/if}}\n                        <li class=\"navPage-subMenu-item\">\n                            <a class=\"navPage-subMenu-action navPages-action\" href=\"{{urls.account.inbox}}\">{{lang 'account.mobile_nav.messages'}}</a>\n                        </li>\n                        <li class=\"navPage-subMenu-item\">\n                            <a class=\"navPage-subMenu-action navPages-action\" href=\"{{urls.account.addresses}}\">{{lang 'account.nav.addresses'}}</span></a>\n                        </li>\n                        {{#if settings.show_payment_methods}}\n                            <li class=\"navPage-subMenu-item\">\n                                <a class=\"navPage-subMenu-action navPages-action\" href=\"{{urls.account.payment_methods.all}}\">{{lang 'account.nav.payment_methods'}}</a>\n                            </li>\n                        {{/if}}\n                        <li class=\"navPage-subMenu-item\">\n                            <a class=\"navPage-subMenu-action navPages-action\" href=\"{{urls.account.wishlists.all}}\">{{lang 'account.mobile_nav.wishlists'}}</a>\n                        </li>\n                        <li class=\"navPage-subMenu-item\">\n                            <a class=\"navPage-subMenu-action navPages-action\" href=\"{{urls.account.recent_items}}\">{{lang 'account.nav.recently_viewed'}}</a>\n                        </li>\n                        <li class=\"navPage-subMenu-item\">\n                            <a class=\"navPage-subMenu-action navPages-action\" href=\"{{urls.account.details}}\">{{lang 'account.nav.settings'}}</a>\n                        </li>\n                    </ul>\n                </div>\n            </li>\n            <li class=\"navPages-item\">\n                <a class=\"navPages-action\" href=\"{{urls.auth.logout}}\">{{lang 'common.logout'}}</a>\n            </li>\n        {{else}}\n            <li class=\"navPages-item\">\n                <a class=\"navPages-action\" href=\"{{urls.auth.login}}\">{{lang 'common.login'}}</a> {{lang 'common.or'}} <a class=\"navPages-action\" href=\"{{urls.auth.create_account}}\">{{lang 'common.sign_up'}}</a>\n            </li>\n        {{/if}}\n    </ul>\n</nav>\n",
  "components/amp/common/quick-search": "<form class=\"form\" method=\"get\" action=\"{{urls.search}}\" target=\"_top\">\n    <fieldset class=\"form-fieldset\">\n        <div class=\"form-field\">\n            <input class=\"form-input\" data-search-quick name=\"search_query\" id=\"search_query\" data-error-message=\"{{lang 'search.error.empty_field'}}\" placeholder=\"{{lang 'search.quick_search.input_placeholder'}}\" autocomplete=\"off\">\n        </div>\n    </fieldset>\n</form>\n<section class=\"quickSearchResults\" data-bind=\"html: results\"></section>\n",
  "components/amp/common/alert-error": "<div class=\"alertBox alertBox--error\">\n    <div class=\"alertBox-column alertBox-icon\">\n        <span class=\"icon\" aria-hidden=\"true\"><svg xmlns=\"http://www.w3.org/2000/svg\" width=\"24\" height=\"24\" viewBox=\"0 0 24 24\"><path d=\"M12 2C6.48 2 2 6.48 2 12s4.48 10 10 10 10-4.48 10-10S17.52 2 12 2zm1 15h-2v-2h2v2zm0-4h-2V7h2v6z\"></path></svg></span>\n    </div>\n    <p class=\"alertBox-column alertBox-message\">\n        <span>{{{this}}}</span>\n    </p>\n</div>\n",
  "components/amp/common/alert-success": "<div class=\"alertBox alertBox--success\">\n    <div class=\"alertBox-column alertBox-icon\">\n        <span class=\"icon\" aria-hidden=\"true\"><svg xmlns=\"http://www.w3.org/2000/svg\" width=\"24\" height=\"24\" viewBox=\"0 0 24 24\"><path d=\"M12 2C6.48 2 2 6.48 2 12s4.48 10 10 10 10-4.48 10-10S17.52 2 12 2zm1 15h-2v-2h2v2zm0-4h-2V7h2v6z\"></path></svg></span>\n    </div>\n    <p class=\"alertBox-column alertBox-message\">\n        <span>{{{this}}}</span>\n    </p>\n</div>\n",
  "components/amp/products/product-view-details": "<section class=\"productView-details\">\n    <div class=\"productView-product\">\n        {{#if product.brand }}\n        <h2 class=\"productView-brand\"{{#if schema}} itemprop=\"brand\" itemscope itemtype=\"http://schema.org/Brand\"{{/if}}>\n            <a href=\"{{product.brand.url}}\"{{#if schema}} itemprop=\"url\"{{/if}}><span{{#if schema}} itemprop=\"name\"{{/if}}>{{product.brand.name}}</span></a>\n        </h2>\n        {{/if}}\n        <h1 class=\"productView-title\" {{#if schema}}itemprop=\"name\"{{/if}}>{{product.title}}</h1>\n        {{#and schema product.sku}}\n            <meta itemprop=\"sku\" content=\"{{product.sku}}\" />\n        {{/and}}\n\n        {{#and schema product.mpn}}\n            <meta itemprop=\"mpn\" content=\"{{product.mpn}}\" />\n        {{/and}}\n\n            {{#and schema product.gtin}}\n            <meta itemprop=\"gtin{{length product.gtin}}\" content=\"{{product.gtin}}\" />\n        {{/and}}\n        {{#if product.call_for_price}}\n            <p class=\"productView-price\">\n                <span>{{product.call_for_price}}</span>\n            </p>\n        {{/if}}\n        {{#if product.price}}\n            <div class=\"productView-price\">\n                {{> components/products/price price=product.price schema_org=schema}}\n            </div>\n        {{/if}}\n        {{product.detail_messages}}\n        {{#if settings.show_product_rating}}\n            {{> components/amp/products/ratings rating=product.rating}}\n            {{#if schema}}\n                {{#if product.num_reviews '>' 0}}\n                    <div itemprop=\"aggregateRating\" itemscope itemtype=\"http://schema.org/AggregateRating\">\n                        <meta itemprop=\"ratingValue\" content=\"{{product.rating}}\">\n                        <meta itemprop=\"ratingCount\" content=\"{{product.num_reviews}}\">\n                        <meta itemprop=\"reviewCount\" content=\"{{product.num_reviews}}\">\n                    </div>\n                {{/if}}\n            {{/if}}\n        {{/if}}\n        <dl class=\"productView-info\">\n            {{#if product.sku}}\n                <dt class=\"productView-info-name\">{{lang 'products.sku'}}</dt>\n                <dd class=\"productView-info-value\" data-product-sku>{{product.sku}}</dd>\n            {{/if}}\n            {{#if product.upc}}\n                <dt class=\"productView-info-name\">{{lang 'products.upc'}}</dt>\n                <dd class=\"productView-info-value\" data-product-upc>{{product.upc}}</dd>\n            {{/if}}\n            {{#if product.condition}}\n                <dt class=\"productView-info-name\">{{lang 'products.condition'}}</dt>\n                <dd class=\"productView-info-value\">{{product.condition}}</dd>\n            {{/if}}\n            {{#if product.availability}}\n                <dt class=\"productView-info-name\">{{lang 'products.availability'}}</dt>\n                <dd class=\"productView-info-value\">{{product.availability}}</dd>\n            {{/if}}\n            {{#if product.weight}}\n                <dt class=\"productView-info-name\">{{lang 'products.weight'}}</dt>\n                <dd class=\"productView-info-value\" data-product-weight>{{product.weight}}</dd>\n            {{/if}}\n            {{#if product.min_purchase_quantity}}\n                <dt class=\"productView-info-name\">{{lang 'products.min_purchase_quantity'}}</dt>\n                <dd class=\"productView-info-value\">{{lang 'products.purchase_units' quantity=product.min_purchase_quantity}}</dd>\n            {{/if}}\n            {{#if product.max_purchase_quantity}}\n                <dt class=\"productView-info-name\">{{lang 'products.max_purchase_quantity'}}</dt>\n                <dd class=\"productView-info-value\">{{lang 'products.purchase_units' quantity=product.max_purchase_quantity}}</dd>\n            {{/if}}\n            {{#if product.gift_wrapping_available}}\n                <dt class=\"productView-info-name\">{{lang 'products.gift_wrapping'}}</dt>\n                <dd class=\"productView-info-value\">{{lang 'products.gift_wrapping_available'}}</dd>\n            {{/if}}\n            {{#if product.shipping}}\n                {{#if product.shipping.calculated}}\n                    <dt class=\"productView-info-name\">{{lang 'products.shipping'}}</dt>\n                    <dd class=\"productView-info-value\">{{lang 'products.shipping_calculated'}}</dd>\n                {{else}}\n                    {{#if product.shipping.price.value '===' 0}}\n                        <dt class=\"productView-info-name\">{{lang 'products.shipping'}}</dt>\n                        <dd class=\"productView-info-value\">{{lang 'products.shipping_free'}}</dd>\n                    {{else}}\n                        <dt class=\"productView-info-name\">{{lang 'products.shipping'}}</dt>\n                        <dd class=\"productView-info-value\">{{lang 'products.shipping_fixed' amount=product.shipping.price.formatted}}</dd>\n                    {{/if}}\n                {{/if}}\n            {{/if}}\n            {{#if product.bulk_discount_rates.length}}\n                <dt class=\"productView-info-name\">{{lang 'products.bulk_pricing.title'}}</dt>\n                <dd class=\"productView-info-value\">\n                    <a href=\"{{product.url}}\"\n                        {{#unless is_ajax }}data-reveal-id=\"bulkPricingModal\" {{/unless}}>\n                        {{lang 'products.bulk_pricing.view'}}\n                    </a>\n                </dd>\n\n                <div id=\"bulkPricingModal\" class=\"modal modal--small\" data-reveal>\n                    <div class=\"modal-header\">\n                        <h2 class=\"modal-header-title\">{{lang 'products.bulk_pricing.modal_title'}}</h2>\n                        <a href=\"#\" class=\"modal-close\" aria-label=\"Close\"><svg class=\"icon\"><use xlink:href=\"#icon-close\" /></svg></a>\n                    </div>\n                    <div class=\"modal-body\">\n                        <p>{{lang 'products.bulk_pricing.instructions'}}</p>\n                        <ul>\n                        {{#each product.bulk_discount_rates}}\n                            <li>\n                                {{lang 'products.bulk_pricing.range' min=min max=max}}\n                                {{#if type '===' 'percent'}}\n                                    {{lang 'products.bulk_pricing.percent' discount=discount.formatted}}\n                                {{else if type '===' 'fixed'}}\n                                    {{lang 'products.bulk_pricing.fixed' discount=discount.formatted}}\n                                {{else if type '===' 'price'}}\n                                    {{lang 'products.bulk_pricing.price' discount=discount.formatted}}\n                                {{/if}}\n                            </li>\n                        {{/each}}\n                        </ul>\n                    </div>\n                </div>\n            {{/if}}\n\n            {{#unless theme_settings.productpage_custom_fields_tab}}\n                {{#if theme_settings.productpage_custom_fields_hide_special}}\n                    {{#each product.custom_fields}}\n                        {{#startsWith '__' name}}\n                        {{else}}\n                            <dt class=\"productView-info-name productView-info-name--cf{{pascalcase name}}\">{{name}}:</dt>\n                            <dd class=\"productView-info-value productView-info-value--cf{{pascalcase name}}\">{{{value}}}</dd>\n                        {{/startsWith}}\n                    {{/each}}\n                {{else}}\n                    {{#each product.custom_fields}}\n                        <dt class=\"productView-info-name productView-info-name--cf{{pascalcase name}}\">{{name}}:</dt>\n                        <dd class=\"productView-info-value productView-info-value--cf{{pascalcase name}}\">{{{value}}}</dd>\n                    {{/each}}\n                {{/if}}\n            {{/unless}}\n        </dl>\n    </div>\n</section>\n",
  "components/amp/products/reviews": "{{#if reviews.total}}\n    <section expanded class=\"productAccordion\">\n        <h4 class=\"productAccordion-title\">\n            {{lang 'products.reviews.header' total=reviews.total}}\n        </h4>\n        <div class=\"productAccordion-content\">\n            <ul class=\"productReviews-list\" id=\"productReviews-list\">\n                {{#each reviews.list}}\n                <li class=\"productReview\">\n                    <article itemprop=\"review\" itemscope itemtype=\"http://schema.org/Review\">\n                        <header>\n                            <span class=\"productReview-rating rating--small\" itemprop=\"reviewRating\" itemscope itemtype=\"http://schema.org/Rating\">\n                                {{> components/amp/products/ratings rating=rating}}\n                                <span class=\"productReview-ratingNumber\" itemprop=\"ratingValue\">{{ rating }}</span>\n                            </span>\n                            <h5 itemprop=\"name\" class=\"productReview-title\">{{ title }}</h5>\n                            {{#if name}}\n                                <p class=\"productReview-author\" itemprop=\"author\" itemscope itemtype=\"https://schema.org/Person\">\n                                    {{{lang 'products.reviews.post_on_by' date=date name=(sanitize name) }}}\n                                </p>\n                            {{else}}\n                                <p class=\"productReview-author\" itemprop=\"author\" itemscope itemtype=\"https://schema.org/Person\">\n                                    {{{lang 'products.reviews.post_on_by' date=date name=(lang 'products.reviews.anonymous_poster')}}}\n                                </p>\n                            {{/if}}\n                        </header>\n                        <p itemprop=\"reviewBody\" class=\"productReview-body\">{{nl2br text}}</p>\n                    </article>\n                </li>\n                {{/each}}\n            </ul>\n            {{> components/common/paginator pagination.reviews}}\n        </div>\n    </section>\n{{/if}}\n",
  "components/amp/common/share": "{{#if settings.add_this.buttons}}\n    <ul class=\"socialLinks\" data-addthis:url=\"{{url}}\" data-addthis:title=\"{{title}}\">\n        {{#each settings.add_this.buttons}}\n            {{#all (if service '!==' 'google') (if service '!==' 'print') (if service '!==' 'facebook')}}\n                <li class=\"socialLinks-item socialLinks-item--{{service}}\">\n                    <amp-social-share class=\"amp-social-share\" data-vars-product-link=\"{{url}}\" data-vars-product-id=\"{{id}}\" data-vars-product-name=\"{{name}}\" data-vars-social-type=\"{{service}}\" type=\"{{service}}\"></amp-social-share>\n                </li>\n            {{/all}}\n        {{/each}}\n    </ul>\n{{/if}}\n",
  "components/amp/products/videos": "<section expanded class=\"productAccordion\" data-video-gallery>\n    <h4 class=\"productAccordion-title\">\n        {{lang 'products.videos.header'}}\n    </h4>\n    <div class=\"productAccordion-content\">\n        <amp-carousel width=\"640\"\n            height=\"490\"\n            layout=\"responsive\"\n            type=\"slides\">\n            {{#each this.list}}\n                <div>\n                    <div>\n                        <amp-youtube\n                            data-videoid=\"{{id}}\"\n                            layout=\"responsive\"\n                            width=\"640\"\n                            height=\"390\">\n                        </amp-youtube>\n                    </div>\n                    <div class=\"video-body\">\n                        <h5 class=\"video-title\">{{title_long}}</h5>\n                        <p class=\"video-description\">{{description_short}}</p>\n                    </div>\n                </div>\n            {{/each}}\n        </amp-carousel>\n    </div>\n</section>\n",
  "components/products/price": "{{! Supermarket: \n    Add class: price-was-label, price--main\n}}\n{{!-- There are 2 code paths for generating the PDP pricing HTML determined by the following #and condition. \n    If a 'price_range' exists then we generate all HTML in price-range.html, otherwise it is defined here. Both code\n    paths generate the same HTML structure with some differences in whether that element is displayed by default (css styling).\n    \n    If you are making a change here or in price-range.html, you probably want to make that change in both files. --}}\n    \n    {{#and price.price_range (if theme_settings.price_ranges '==' true)}}\n        {{> components/products/price-range price=price schema_org=schema_org}}\n    {{else}}\n        {{#if price.with_tax}}\n            {{#if theme_settings.show_rrp}}\n                <div class=\"price-section price-section--withTax rrp-price--withTax\" {{#unless price.rrp_with_tax}}style=\"display: none;\"{{/unless}}>\n                    <span class=\"price-was-label\">{{theme_settings.pdp-retail-price-label}}</span>\n                    <span data-product-rrp-with-tax class=\"price price--rrp\">{{price.rrp_with_tax.formatted}}</span>\n                </div>\n            {{/if}}\n            <div class=\"price-section price-section--withTax non-sale-price--withTax\" {{#unless price.non_sale_price_with_tax}}style=\"display: none;\"{{/unless}}>\n                <span class=\"price-was-label\">{{theme_settings.pdp-non-sale-price-label}}</span>\n                <span data-product-non-sale-price-with-tax class=\"price price--non-sale\">{{price.non_sale_price_with_tax.formatted}}</span>\n            </div>\n            <div class=\"price-section price-section--withTax\" {{#if schema_org}}itemprop=\"offers\" itemscope itemtype=\"http://schema.org/Offer\"{{/if}}>\n                <span class=\"price-label\" {{#if price.non_sale_price_with_tax}}style=\"display: none;\"{{/if}}>{{theme_settings.pdp-price-label}}</span>\n                <span class=\"price-now-label\" {{#unless price.non_sale_price_with_tax}}style=\"display: none;\"{{/unless}}>{{theme_settings.pdp-sale-price-label}}</span>\n                <span data-product-price-with-tax class=\"price price--withTax price--main{{#or price.rrp_with_tax price.non_sale_price_with_tax}} _hasSale{{/or}}\">{{price.with_tax.formatted}}</span>\n                {{#if schema_org}}\n                    <meta itemprop=\"url\" content=\"{{product.url}}\">\n                    <meta itemprop=\"availability\" itemtype=\"http://schema.org/ItemAvailability\"\n                        content=\"http://schema.org/{{#if product.pre_order}}PreOrder{{else if product.out_of_stock}}OutOfStock{{else if product.can_purchase '===' false}}OutOfStock{{else}}InStock{{/if}}\">\n                    <meta itemprop=\"itemCondition\" itemtype=\"http://schema.org/OfferItemCondition\" content=\"http://schema.org/{{product.condition}}Condition\">\n                    <meta itemprop=\"price\" content=\"{{toFixed price.with_tax.value settings.money.decimal_places}}\">\n                    <meta itemprop=\"priceCurrency\" content=\"{{currency_selector.active_currency_code}}\">\n                    <meta itemprop=\"priceValidUntil\" content='{{moment \"next year\" \"YYYY-MM-DD\"}}'>\n                    <div itemprop=\"priceSpecification\" itemscope itemtype=\"http://schema.org/PriceSpecification\">\n                        <meta itemprop=\"price\" content=\"{{toFixed price.with_tax.value settings.money.decimal_places}}\">\n                        <meta itemprop=\"priceCurrency\" content=\"{{currency_selector.active_currency_code}}\">\n                        <meta itemprop=\"valueAddedTaxIncluded\" content=\"true\">\n                    </div>\n                {{/if}}\n                {{#if price.without_tax}}\n                    <abbr title=\"{{lang 'products.including_tax'}}\">{{lang 'products.price_with_tax' tax_label=price.tax_label}}</abbr>\n                {{/if}}\n            </div>\n        {{/if}}\n        {{#and price.with_tax price.without_tax}}<div class=\"_br\"></div>{{/and}}\n        {{#if price.without_tax}}\n            {{#if theme_settings.show_rrp}}\n                <div class=\"price-section price-section--withoutTax rrp-price--withoutTax{{#if price.with_tax}} price-section--minor{{/if}}\" {{#unless price.rrp_without_tax}}style=\"display: none;\"{{/unless}}>\n                    <span class=\"price-was-label\">{{theme_settings.pdp-retail-price-label}}</span>\n                    <span data-product-rrp-price-without-tax class=\"price price--rrp\"> {{price.rrp_without_tax.formatted}}</span>\n                </div>\n            {{/if}}\n            <div class=\"price-section price-section--withoutTax non-sale-price--withoutTax{{#if price.with_tax}} price-section--minor{{/if}}\" {{#unless price.non_sale_price_without_tax}}style=\"display: none;\"{{/unless}}>\n                <span class=\"price-was-label\">{{theme_settings.pdp-non-sale-price-label}}</span>\n                <span data-product-non-sale-price-without-tax class=\"price price--non-sale\">{{price.non_sale_price_without_tax.formatted}}</span>\n            </div>\n            <div class=\"price-section price-section--withoutTax\" {{#if schema_org}}itemprop=\"offers\" itemscope itemtype=\"http://schema.org/Offer\"{{/if}}>\n                <span class=\"price-label\" {{#if price.non_sale_price_without_tax}}style=\"display: none;\"{{/if}}>{{theme_settings.pdp-price-label}}</span>\n                <span class=\"price-now-label\" {{#unless price.non_sale_price_without_tax}}style=\"display: none;\"{{/unless}}>\n                    {{theme_settings.pdp-sale-price-label}}\n                </span>\n                <span data-product-price-without-tax class=\"price price--withoutTax{{#if price.with_tax}} price-section--minor{{/if}} price--main {{#or price.rrp_without_tax price.non_sale_price_without_tax}} _hasSale{{/or}}\">{{price.without_tax.formatted}}</span>\n                {{#if schema_org}}\n                    <meta itemprop=\"url\" content=\"{{product.url}}\">\n                    <meta itemprop=\"availability\" itemtype=\"http://schema.org/ItemAvailability\"\n                        content=\"http://schema.org/{{#if product.pre_order}}PreOrder{{else if product.out_of_stock}}OutOfStock{{else if product.can_purchase '===' false}}OutOfStock{{else}}InStock{{/if}}\">\n                    <meta itemprop=\"itemCondition\" itemtype=\"http://schema.org/OfferItemCondition\" content=\"http://schema.org/{{product.condition}}Condition\">\n                    <meta itemprop=\"price\" content=\"{{toFixed price.without_tax.value settings.money.decimal_places}}\">\n                    <meta itemprop=\"priceCurrency\" content=\"{{currency_selector.active_currency_code}}\">\n                    <meta itemprop=\"priceValidUntil\" content='{{moment \"next year\" \"YYYY-MM-DD\"}}'>\n                    <div itemprop=\"priceSpecification\" itemscope itemtype=\"http://schema.org/PriceSpecification\">\n                        <meta itemprop=\"price\" content=\"{{toFixed price.without_tax.value settings.money.decimal_places}}\">\n                        <meta itemprop=\"priceCurrency\" content=\"{{currency_selector.active_currency_code}}\">\n                        <meta itemprop=\"valueAddedTaxIncluded\" content=\"false\">\n                    </div>\n                {{/if}}\n                {{#if price.with_tax}}\n                    <abbr title=\"{{lang 'products.excluding_tax'}}\">{{lang 'products.price_without_tax' tax_label=price.tax_label}}</abbr>\n                {{/if}}\n            </div>\n        {{/if}}\n        {{#if page_type '===' 'product'}}\n            <div class=\"price-section price-section--saving\" {{#unless price.saved}}style=\"display: none;\"{{/unless}}>\n                <span class=\"price\">{{lang 'products.you_save_opening_text'}}</span>\n                <span data-product-price-saved class=\"price price--saving\">{{price.saved.formatted}}</span>\n                <span class=\"price\">{{lang 'products.you_save_closing_bracket'}}</span>\n            </div>\n        {{/if}}\n    {{/and}}\n    \n",
  "components/common/navigation-list": "{{#if children}}\n<a class=\"navPages-action has-subMenu {{#if menu_type '==' 'vertical'}}navPages-action--vertical{{/if}}\" href=\"{{url}}\"\n    {{#if menu_type '!=' 'vertical'}}data-instantload{{/if}}\n    {{#if id '==' category.id}}data-current-category{{/if}}\n    data-collapsible=\"navPages-{{id}}{{idSuffix}}\"\n    {{#if menu_type '!=' 'vertical'}}data-collapsible-disabled-breakpoint=\"medium\"{{/if}}\n    data-collapsible-disabled-state=\"open\"\n    data-collapsible-enabled-state=\"closed\">\n    {{name}} <i class=\"icon navPages-action-moreIcon\" aria-hidden=\"true\"><svg><use xlink:href=\"#icon-add\" /></svg></i>\n</a>\n<div class=\"navPage-subMenu\n        {{#if menu_type '==' 'vertical'}}\n            navPage-subMenu--vertical\n        {{else if menu_type '==' 'standard'}}\n            navPage-subMenu--standard\n        {{else if menu_type '==' 'column'}}\n            navPage-subMenu--column\n        {{/if}}\n    \" id=\"navPages-{{id}}{{idSuffix}}\" aria-hidden=\"true\" tabindex=\"-1\">\n    <ul class=\"navPage-subMenu-list\">\n        <li class=\"navPage-subMenu-item\">\n            <a class=\"navPage-subMenu-action navPages-action\" href=\"{{url}}\" data-instantload>{{lang 'category.view_all.name' category=name}}</a>\n        </li>\n        {{#each children}}\n            <li class=\"navPage-subMenu-item\">\n                {{#if children}}\n                    <a\n                        class=\"navPage-subMenu-action navPages-action has-subMenu\"\n                        href=\"{{url}}\"\n                        {{#if ../../menu_type '!=' 'vertical'}}data-instantload{{/if}}\n                        {{#if id '==' ../../category.id}}data-current-category{{/if}}\n                        data-collapsible=\"navPages-{{id}}{{../../idSuffix}}\"\n                        {{#if ../../menu_type '!=' 'vertical'}}data-collapsible-disabled-breakpoint=\"medium\"{{/if}}\n                        data-collapsible-disabled-state=\"open\"\n                        data-collapsible-enabled-state=\"closed\">\n                        {{name}} <i class=\"icon navPages-action-moreIcon\" aria-hidden=\"true\"><svg><use xlink:href=\"#icon-add\" /></svg></i>\n                    </a>\n                    <ul class=\"navPage-childList\" id=\"navPages-{{id}}{{../../idSuffix}}\">\n                        <li class=\"navPage-childList-item\">\n                            <a class=\"navPage-childList-action navPages-action\" href=\"{{url}}\" data-instantload>{{lang 'category.view_all.name' category=name}}</a>\n                        </li>\n                        {{#each children}}\n                        <li class=\"navPage-childList-item\">\n                            {{> components/common/navigation-list-child \n                                    category_id=../../../category.id \n                                    idSuffix=../../../idSuffix \n                                    theme_settings=../../../theme_settings\n                                    menu_type=../../../menu_type}}\n                        </li>\n                        {{/each}}\n                    </ul>\n                {{else}}\n                    <a class=\"navPage-subMenu-action navPages-action\" href=\"{{url}}\" data-instantload {{#if id '==' ../../category.id}}data-current-category{{/if}}>{{name}}</a>\n                {{/if}}\n            </li>\n        {{/each}}\n    </ul>\n</div>\n{{else}}\n<a class=\"navPages-action\" href=\"{{url}}\" data-instantload {{#if id '==' category.id}}data-current-category{{/if}}>{{name}}</a>\n{{/if}}\n",
  "components/amp/products/ratings": "{{#for 1 5}}\n    {{#if ../this.rating '>=' $index}}\n        <span class=\"icon icon--ratingFull\">\n            <svg xmlns=\"http://www.w3.org/2000/svg\" width=\"26\" height=\"28\" viewBox=\"0 0 26 28\"><path d=\"M0 10.11q0-.58.875-.72L8.72 8.25l3.515-7.11Q12.532.5 13 .5t.767.64l3.516 7.11 7.844 1.14q.875.14.875.72 0 .343-.406.75l-5.672 5.53 1.344 7.812q.016.11.016.313 0 .328-.164.555t-.477.227q-.297 0-.625-.187l-7.016-3.687-7.016 3.687q-.344.187-.625.187-.327 0-.49-.227t-.165-.555q0-.094.03-.313L6.08 16.39.392 10.86q-.39-.423-.39-.75z\"/></svg>\n        </span>\n    {{else}}\n        <span class=\"icon icon--ratingEmpty\">\n            <svg xmlns=\"http://www.w3.org/2000/svg\" width=\"26\" height=\"28\" viewBox=\"0 0 26 28\"><path d=\"M0 10.11q0-.58.875-.72L8.72 8.25l3.515-7.11Q12.532.5 13 .5t.767.64l3.516 7.11 7.844 1.14q.875.14.875.72 0 .343-.406.75l-5.672 5.53 1.344 7.812q.016.11.016.313 0 .328-.164.555t-.477.227q-.297 0-.625-.187l-7.016-3.687-7.016 3.687q-.344.187-.625.187-.327 0-.49-.227t-.165-.555q0-.094.03-.313L6.08 16.39.392 10.86q-.39-.423-.39-.75z\"/></svg>\n        </span>\n    {{/if}}\n{{/for}}\n{{{snippet 'product_rating'}}}\n",
  "components/common/paginator": "{{#or previous links next}}\r\n<div class=\"pagination\">\r\n    {{#if total}}\r\n    {{#if start}}\r\n    {{#if end}}\r\n        <div class=\"pagination-info\">\r\n            {{#if end '>' total}}\r\n                {{{lang 'common.paginator.items_of' start=start end=total total=total}}}\r\n            {{else}}\r\n                {{{lang 'common.paginator.items_of' start=start end=end total=total}}}\r\n            {{/if}}\r\n        </div>\r\n    {{/if}}\r\n     {{/if}}\r\n     {{/if}}\r\n    <ul class=\"pagination-list\">\r\n        {{#if page_type '!=' 'brands'}}\r\n            {{#if previous}}\r\n                <li class=\"pagination-item pagination-item--previous\">\r\n                    <a class=\"pagination-link\" href=\"{{previous}}\" {{#if instantload}}data-instantload{{/if}} {{#unless reload}}data-faceted-search-facet{{/unless}}>\r\n                        <i class=\"icon\" aria-hidden=\"true\">\r\n                            <svg>\r\n                                <use xmlns:xlink=\"http://www.w3.org/1999/xlink\" xlink:href=\"#icon-chevron-left\"></use>\r\n                            </svg>\r\n                        </i>\r\n                        {{lang 'common.previous'}}\r\n                    </a>\r\n                </li>\r\n            {{/if}}\r\n        {{/if}}\r\n        {{#each links}}\r\n            {{#if this.number '==' ../current}}\r\n                <li class=\"pagination-item pagination-item--current\">\r\n                    <a class=\"pagination-link\" href=\"{{this.url}}\" {{#if ../../instantload}}data-instantload{{/if}} {{#unless ../../reload}}data-faceted-search-facet{{/unless}}>{{this.number}}</a>\r\n                </li>\r\n            {{else}}\r\n                <li class=\"pagination-item\">\r\n                    <a class=\"pagination-link\" href=\"{{this.url}}\" {{#if ../../instantload}}data-instantload{{/if}} {{#unless ../../reload}}data-faceted-search-facet{{/unless}}>{{this.number}}</a>\r\n                </li>\r\n            {{/if}}\r\n        {{/each}}\r\n        {{#if page_type '!=' 'brands'}}\r\n            {{#if next}}\r\n                <li class=\"pagination-item pagination-item--next\">\r\n                    <a class=\"pagination-link\" href=\"{{next}}\" {{#if instantload}}data-instantload{{/if}} {{#unless reload}}data-faceted-search-facet{{/unless}}>\r\n                        {{lang 'common.next'}}\r\n                        <i class=\"icon\" aria-hidden=\"true\">\r\n                            <svg>\r\n                                <use xmlns:xlink=\"http://www.w3.org/1999/xlink\" xlink:href=\"#icon-chevron-right\"></use>\r\n                            </svg>\r\n                        </i>\r\n                    </a>\r\n                </li>\r\n            {{/if}}\r\n        {{/if}}\r\n    </ul>\r\n</div>\r\n{{/or}}\r\n",
  "components/common/navigation-list-child": "{{#if children}}\n    <a\n        class=\"navPage-childList-action navPages-action has-subMenu\" \n        href=\"{{url}}\"\n        {{#if menu_type '!=' 'vertical'}}data-instantload{{/if}}\n        {{#if id '==' category_id}}data-current-category{{/if}}\n        data-collapsible=\"navPages-{{id}}{{idSuffix}}\"\n        {{#if menu_type '!=' 'vertical'}}data-collapsible-disabled-breakpoint=\"medium\"{{/if}}\n        data-collapsible-disabled-state=\"open\"\n        data-collapsible-enabled-state=\"closed\">\n        {{name}} <i class=\"icon navPages-action-moreIcon\" aria-hidden=\"true\"><svg><use xlink:href=\"#icon-add\" /></svg></i>\n    </a>\n    <ul class=\"navPage-childList\" id=\"navPages-{{id}}{{idSuffix}}\">\n        <li class=\"navPage-childList-item\">\n            <a class=\"navPage-childList-action navPages-action\" data-instantload href=\"{{url}}\">{{lang 'category.view_all.name' category=name}}</a>\n        </li>\n        {{#each children}}\n            <li class=\"navPage-childList-item\">\n                {{> components/common/navigation-list-child \n                    category_id=../category_id \n                    idSuffix=../idSuffix \n                    theme_settings=../theme_settings\n                    menu_type=../menu_type}}\n            </li>\n        {{/each}}\n    </ul>\n{{else}}\n    <a class=\"navPage-childList-action navPages-action\" data-instantload href=\"{{url}}\" {{#if id '==' category_id}}data-current-category{{/if}}>{{name}}</a>\n{{/if}}\n",
  "components/products/price-range": "{{#and price.price_range.min.with_tax price.price_range.max.with_tax}}{{! Added by Papathemes to fix display tax/non-tax retail price when select product option }}\n{{#and price.retail_price_range.min.with_tax price.retail_price_range.max.with_tax}}\n    <div class=\"price-section price-section--withTax rrp-price--withTax\">\n        <span class=\"price-was-label\">{{theme_settings.pdp-retail-price-label}}</span>\n        <span data-product-rrp-price-with-tax class=\"price price--rrp\">{{price.retail_price_range.min.with_tax.formatted}} - {{price.retail_price_range.max.with_tax.formatted}}</span>\n    </div>\n{{else}}\n    {{#if price.with_tax}}\n        <div class=\"price-section price-section--withTax rrp-price--withTax\" style=\"display: none;\">\n            <span class=\"price-was-label\">{{theme_settings.pdp-retail-price-label}}</span>\n            <span data-product-rrp-with-tax class=\"price price--rrp\">\n                {{price.rrp_with_tax.formatted}}\n            </span>\n        </div>\n    {{/if}}\n{{/and}}\n{{/and}}\n{{#and price.price_range.min.with_tax price.price_range.max.with_tax}}\n    <div class=\"price-section price-section--withTax\" {{#if schema_org}}itemprop=\"offers\" itemscope itemtype=\"http://schema.org/Offer\"{{/if}}>\n        <span class=\"price-label\">{{theme_settings.pdp-price-label}}</span>\n        <span class=\"price-now-label\" style=\"display: none;\">{{theme_settings.pdp-sale-price-label}}</span>\n        <span data-product-price-with-tax class=\"price price--withTax price--main\">{{price.price_range.min.with_tax.formatted}} - {{price.price_range.max.with_tax.formatted}}</span>\n        {{#and price.price_range.min.without_tax price.price_range.max.without_tax}}\n            <abbr title=\"{{lang 'products.including_tax'}}\">{{lang 'products.price_with_tax' tax_label=price.price_range.min.tax_label}}</abbr>\n        {{/and}}\n        {{#if schema_org}}\n            <meta itemprop=\"url\" content=\"{{product.url}}\">\n            <meta itemprop=\"availability\" itemtype=\"http://schema.org/ItemAvailability\"\n                content=\"http://schema.org/{{#if product.pre_order}}PreOrder{{else if product.out_of_stock}}OutOfStock{{else if product.can_purchase '===' false}}OutOfStock{{else}}InStock{{/if}}\">\n            <meta itemprop=\"itemCondition\" itemtype=\"http://schema.org/OfferItemCondition\" content=\"http://schema.org/{{product.condition}}Condition\">\n            <meta itemprop=\"price\" content=\"{{toFixed price.price_range.min.with_tax.value settings.money.decimal_places}}\">\n            <meta itemprop=\"priceCurrency\" content=\"{{currency_selector.active_currency_code}}\">\n            <meta itemprop=\"priceValidUntil\" content='{{moment \"next year\" \"YYYY-MM-DD\"}}'>\n            <div itemprop=\"priceSpecification\" itemscope itemtype=\"http://schema.org/PriceSpecification\">\n                <meta itemprop=\"minPrice\" content=\"{{toFixed price.price_range.min.with_tax.value settings.money.decimal_places}}\"/>\n                <meta itemprop=\"price\" content=\"{{toFixed price.price_range.min.with_tax.value settings.money.decimal_places}}\">\n                <meta itemprop=\"maxPrice\" content=\"{{toFixed price.price_range.max.with_tax.value settings.money.decimal_places}}\"/>\n                <meta itemprop=\"priceCurrency\" content=\"{{currency_selector.active_currency_code}}\">\n                <meta itemprop=\"valueAddedTaxIncluded\" content=\"true\">\n            </div>\n        {{/if}}\n    </div>\n    {{!-- Never display the \"non-sales price\" if there is a price range to be shown, but we do want the element on the page --}}\n    <div class=\"price-section price-section--withTax non-sale-price--withTax\" style=\"display: none;\">\n        <span class=\"price-was-label\">{{theme_settings.pdp-non-sale-price-label}}</span>\n        <span data-product-non-sale-price-with-tax class=\"price price--non-sale\">\n            {{price.non_sale_price_with_tax.formatted}}\n        </span>\n    </div>\n{{/and}}\n{{#and price.price_range.min.with_tax price.price_range.min.without_tax}}\n    <div class=\"_br\"></div>\n{{/and}}\n{{#and price.retail_price_range.min.without_tax price.retail_price_range.max.without_tax}}\n    <div class=\"price-section price-section--withoutTax rrp-price--withoutTax{{#if price.with_tax}} price-section--minor{{/if}}\">\n        <span class=\"price-was-label\">{{theme_settings.pdp-retail-price-label}}</span>\n        <span data-product-rrp-price-without-tax class=\"price price--rrp\">{{price.retail_price_range.min.without_tax.formatted}} - {{price.retail_price_range.max.without_tax.formatted}}</span>\n    </div>\n{{else}}\n    {{#if price.without_tax}}\n        <div class=\"price-section price-section--withoutTax rrp-price--withoutTax{{#if price.with_tax}} price-section--minor{{/if}}\" style=\"display: none;\">\n            <span class=\"price-was-label\">{{theme_settings.pdp-retail-price-label}}</span>\n            <span data-product-rrp-price-without-tax class=\"price price--rrp\">\n                {{price.rrp_without_tax.formatted}}\n            </span>\n        </div>\n    {{/if}}\n{{/and}}\n{{#and price.price_range.min.without_tax price.price_range.max.without_tax}}\n    <div class=\"price-section price-section--withoutTax{{#and price_range.min.with_tax price_range.max.with_tax}} price-section--minor{{/and}}\" {{#if schema_org}}itemprop=\"offers\" itemscope itemtype=\"http://schema.org/Offer\"{{/if}}>\n        <span class=\"price-label\">{{theme_settings.pdp-price-label}}</span>\n        <span class=\"price-now-label\" style=\"display: none;\">{{theme_settings.pdp-sale-price-label}}</span>\n        <span data-product-price-without-tax class=\"price price--withoutTax price--main\">{{price.price_range.min.without_tax.formatted}} - {{price.price_range.max.without_tax.formatted}}</span>\n        {{#and price.price_range.min.with_tax price.price_range.max.with_tax}}\n            <abbr title=\"{{lang 'products.excluding_tax'}}\">{{lang 'products.price_without_tax' tax_label=price.price_range.min.tax_label}}</abbr>\n        {{/and}}\n        {{#if schema_org}}\n            <meta itemprop=\"url\" content=\"{{product.url}}\">\n            <meta itemprop=\"availability\" itemtype=\"http://schema.org/ItemAvailability\"\n                content=\"http://schema.org/{{#if product.pre_order}}PreOrder{{else if product.out_of_stock}}OutOfStock{{else if product.can_purchase '===' false}}OutOfStock{{else}}InStock{{/if}}\">\n            <meta itemprop=\"itemCondition\" itemtype=\"http://schema.org/OfferItemCondition\" content=\"http://schema.org/{{product.condition}}Condition\">\n            <meta itemprop=\"price\" content=\"{{toFixed price.price_range.min.without_tax.value settings.money.decimal_places}}\">\n            <meta itemprop=\"priceCurrency\" content=\"{{currency_selector.active_currency_code}}\">\n            <meta itemprop=\"priceValidUntil\" content='{{moment \"next year\" \"YYYY-MM-DD\"}}'>\n            <div itemprop=\"priceSpecification\" itemscope itemtype=\"http://schema.org/PriceSpecification\">\n                <meta itemprop=\"minPrice\" content=\"{{toFixed price.price_range.min.without_tax.value settings.money.decimal_places}}\"/>\n                <meta itemprop=\"price\" content=\"{{toFixed price.price_range.min.without_tax.value settings.money.decimal_places}}\">\n                <meta itemprop=\"maxPrice\" content=\"{{toFixed price.price_range.max.without_tax.value settings.money.decimal_places}}\"/>\n                <meta itemprop=\"priceCurrency\" content=\"{{currency_selector.active_currency_code}}\">\n                <meta itemprop=\"valueAddedTaxIncluded\" content=\"false\">\n            </div>\n        {{/if}}\n    </div>\n    {{!-- Never display the \"non-sales price\" if there is a price range to be shown, but we do want the element on the page --}}\n    <div class=\"price-section price-section--withoutTax non-sale-price--withoutTax{{#if price.with_tax}} price-section--minor{{/if}}\" style=\"display: none;\">\n        <span class=\"price-was-label\">{{theme_settings.pdp-non-sale-price-label}}</span>\n        <span data-product-non-sale-price-without-tax class=\"price price--non-sale\">\n            {{price.non_sale_price_without_tax.formatted}}\n        </span>\n    </div>\n{{/and}}\n\n{{!-- Never display the \"saving price\" element by default if there is a price range on the page to be shown --}}\n{{#if page_type '===' 'product'}}\n     <div class=\"price-section price-section--saving price\" style=\"display: none;\">\n            <span class=\"price\">{{lang 'products.you_save_opening_text'}}</span>\n            <span data-product-price-saved class=\"price price--saving\">\n                {{price.saved.formatted}}\n            </span>\n            <span class=\"price\">{{lang 'products.you_save_closing_bracket'}}</span>\n     </div>\n{{/if}}\n"
}