{
  "pages/auth/create-account": "{{inject 'passwordRequirements' settings.password_requirements}}\n{{inject 'recaptchaTitle' (lang 'create_account.recaptcha_title')}}\n{{#partial \"page\"}}\n    <div class=\"account account--fixedLarge\">\n        {{> components/common/breadcrumbs breadcrumbs=breadcrumbs}}\n        <h1 class=\"page-heading\">{{lang 'create_account.heading' }}</h1>\n        <div class=\"account-body\">\n            {{#if forms.create_account.error}}\n                {{> components/common/alert-error forms.create_account.error}}\n            {{/if}}\n            {{#if settings.account_creation_enabled}}\n                <form action=\"{{urls.auth.save_new_account}}\" data-create-account-form method=\"post\" class=\"form\">\n                    <div class=\"form-row form-row--half\">\n                        {{#each forms.create_account.account_fields }}\n                            {{{dynamicComponent 'components/common/forms'}}}\n                        {{/each}}\n                        {{#each forms.create_account.address_fields }}\n                            {{#if label \"==\" \"First Name\"}}\n                                {{{dynamicComponent 'components/common/forms'}}}\n\n                            {{else if label \"==\" \"Last Name\"}}\n                                {{{dynamicComponent 'components/common/forms'}}}\n                            {{else}}\n                                <div style=\"display: none;\">\n                                    {{{dynamicComponent 'components/common/forms'}}}\n                                </div>\n                            {{/if}}\n                        {{/each}}\n                        {{inject 'required' (lang 'common.required')}}\n                        {{inject 'state_error' (lang 'errors.state_error')}}\n                    </div>\n                    {{{ forms.create_account.recaptcha.markup}}}\n                    <div class=\"form-actions\">\n                        <input type=\"submit\" class=\"button button--primary\" value=\"{{lang 'forms.create_account.submit_value' }}\" />\n                    </div>\n                </form>\n            {{/if}}\n        </div>\n    </div>\n{{/partial}}\n{{> layout/base}}\n",
  "components/common/breadcrumbs": "<ul class=\"breadcrumbs\" itemscope itemtype=\"http://schema.org/BreadcrumbList\">\n    {{#each breadcrumbs}}\n        {{#if url}}\n            <li class=\"breadcrumb {{#if @last}}is-active{{/if}}\" itemprop=\"itemListElement\" itemscope itemtype=\"http://schema.org/ListItem\">\n                {{#if @index '>' 0}}\n                    <svg class=\"icon\"><use xlink:href=\"#icon-ih-arrow-right\"></use></svg>\n                {{/if}}\n                <a data-instantload href=\"{{url}}\" class=\"breadcrumb-label\" itemprop=\"item\" title=\"{{name}}\">\n                    {{#if @index '===' 0}}\n                        <svg class=\"icon\"><use xlink:href=\"#icon-ih-small-home\"></use></svg>\n                    {{/if}}\n                    <span itemprop=\"name\">{{name}}</span>\n                    <meta itemprop=\"position\" content=\"{{@index}}\" />\n                </a>\n            </li>\n        {{else}}\n            <li class=\"breadcrumb {{#if @last}}is-active{{/if}}\">\n                <svg class=\"icon\"><use xlink:href=\"#icon-ih-arrow-right\"></use></svg>\n                <span class=\"breadcrumb-label\">{{name}}</span>\n            </li>\n        {{/if}}\n    {{/each}}\n</ul>\n",
  "components/common/alert-error": "<div class=\"alertBox alertBox--error\">\n    <div class=\"alertBox-column alertBox-icon\">\n        <icon glyph=\"ic-error\" class=\"icon\" aria-hidden=\"true\"><svg xmlns=\"http://www.w3.org/2000/svg\" width=\"24\" height=\"24\" viewBox=\"0 0 24 24\"><path d=\"M12 2C6.48 2 2 6.48 2 12s4.48 10 10 10 10-4.48 10-10S17.52 2 12 2zm1 15h-2v-2h2v2zm0-4h-2V7h2v6z\"></path></svg></icon>\n    </div>\n    <p class=\"alertBox-column alertBox-message\">\n        <span>{{{this}}}</span>\n    </p>\n</div>\n",
  "components/common/forms/multiline": "<div class=\"form-field\" id=\"{{id}}\" data-validation=\"{{validation}}\">\n    <label class=\"form-label\" for=\"{{id}}_input\">{{label}}\n        {{#if required}}\n            <small class=\"_required\" title=\"{{lang 'common.required'}}\">{{lang 'common.required_symbol'}}</small>\n        {{/if}}\n    </label>\n    <textarea name=\"{{name}}\" id=\"{{id}}_input\" data-label=\"{{label}}\" rows=\"{{rows}}\" aria-required=\"{{required}}\" class=\"form-input\" {{#if private_id}}data-field-type=\"{{private_id}}\"{{/if}}>{{{sanitize value}}}</textarea>\n</div>\n",
  "layout/base": "<!DOCTYPE html>\r\n<html class=\"no-js\" lang=\"{{ locale_name }}\">\r\n    <head>\r\n        {{#if breadcrumbs.[1].name '==' 'All Brands'}}\r\n            <title>Body care, hair care, skincare & cosmetics Brands | Gen C Beauty</title>\r\n            <meta name=\"description\" content=\"Check out our branded body care, hair care, skin care, beauty, makeup, and cosmetics products. We have all the brands from A to Z. Shop now & get $10 off on 1st order.\">\r\n        {{else}}\r\n            <title>{{ head.title }}</title>\r\n        {{/if}}\r\n        {{{ resourceHints }}}\r\n        {{{ head.meta_tags }}}\r\n        {{{ head.config }}}\r\n        {{#block \"head\"}} {{/block}}\r\n\r\n        <link href=\"{{ head.favicon }}\" rel=\"shortcut icon\">\r\n        <meta name=\"viewport\" content=\"width=device-width, initial-scale=1\">\r\n\r\n        <script>\r\n            {{!-- Change document class from no-js to js so we can detect this in css --}}\r\n            document.documentElement.className = document.documentElement.className.replace('no-js', 'js');\r\n        </script>\r\n\r\n        {{> components/common/polyfill-script }}\r\n        \r\n        {{!-- Load Lazysizes script ASAP so images will appear --}}\r\n        <script>\r\n            {{!-- Only load visible elements until the onload event fires, after which preload nearby elements. --}}\r\n            window.lazySizesConfig = window.lazySizesConfig || {};\r\n            window.lazySizesConfig.loadMode = 1;\r\n        </script>\r\n\r\n        <script async src=\"{{cdn 'assets/dist/theme-bundle.head_async.js'}}\"></script>\r\n        <link href=\"https://fonts.googleapis.com/css?family=Poppins:200,300,400,500,600,700,800,900\" rel=\"stylesheet\">\r\n        {{#or theme_settings.webfont-body-font theme_settings.webfont-headings-font}}\r\n            {{#if theme_settings.webfont_url}}\r\n                <link rel=\"stylesheet\" href=\"{{theme_settings.webfont_url}}\">\r\n            {{else}}\r\n                <script>\r\n                    (function() {\r\n                        var fonts = [{{{json theme_settings.webfont-body-font}}}, {{{json theme_settings.webfont-headings-font}}}]\r\n                            .reduce(function(_fonts, font) {\r\n                                var m = font.match(/google_([^_]+)(_(.*))?$/i);\r\n                                if (m) {\r\n                                    _fonts.push([m[1], m[3]]);\r\n                                }\r\n                                return _fonts;\r\n                            }, []);\r\n                        var families = fonts.map(function(font) {\r\n                            return 'family=' + font[0] + (font[1] ? ':wght@' + font[1] : '');\r\n                        }).join('&');\r\n                        function addLink(href, rel, crossorigin) {\r\n                            var link = document.createElement('link');\r\n                            link.href = href;\r\n                            link.rel = rel;\r\n                            if (crossorigin) {\r\n                                link.crossOrigin = crossorigin;\r\n                            }\r\n                            document.head.appendChild(link);\r\n                        }\r\n                        addLink('https://fonts.googleapis.com', 'preconnect');\r\n                        addLink('https://fonts.gstatic.com', 'preconnect', true);\r\n                        addLink('https://fonts.googleapis.com/css2?' + families + '&display=swap', 'stylesheet');\r\n                    })();\r\n                </script>\r\n            {{/if}}\r\n        {{/or}}\r\n        {{#or (unless theme_settings.webfont-body-font) (unless theme_settings.webfont-headings-font)}}\r\n            <script src=\"https://ajax.googleapis.com/ajax/libs/webfont/1.6.26/webfont.js\"></script>\r\n            <script>\r\n                WebFont.load({\r\n                    custom: {\r\n                        families: ['Quicksand', 'Poppins', 'Roboto', 'Open Sans', 'Noto Sans', 'Lato', 'Montserrat', 'Source Sans Pro', 'Oswald', 'Raleway', 'PT Sans', 'Merriweather', 'Nunito', 'Rubik', 'Lora', 'Josefin Sans', 'Kulim Park']\r\n                    },\r\n                    classes: false\r\n                });\r\n            </script>\r\n            {{getFontsCollection}}\r\n        {{/or}}\r\n        {{{stylesheet '/assets/css/theme.css'}}}\r\n\r\n        {{#if theme_settings.delayrecaptcha}}\r\n            {{> components/supermarket/common/delay-recaptcha-script}}\r\n        {{/if}}\r\n        \r\n        {{{head.scripts}}}\r\n\r\n\r\n        {{!-- Theme settings: --}}\r\n        {{~inject 'add_to_cart_popup' theme_settings.add_to_cart_popup}}\r\n        {{~inject 'redirect_cart' theme_settings.redirect_cart}}\r\n        {{~inject 'alsobought_thumbnail_size' theme_settings.alsobought_thumbnail_size}}\r\n        {{~inject 'pdp_price_label' theme_settings.pdp-price-label}}\r\n        {{~inject 'pdp_sale_price_label' theme_settings.pdp-sale-price-label}}\r\n        {{~inject 'pdp_non_sale_price_label' theme_settings.pdp-non-sale-price-label}}\r\n        {{~inject 'pdp_retail_price_label' theme_settings.pdp-retail-price-label}}\r\n        {{~inject 'alsobought_checked' theme_settings.alsobought_checked}}\r\n        {{~inject 'homepage_show_carousel' theme_settings.homepage_show_carousel}}\r\n        {{~inject 'product_new_count' theme_settings.product_new_count}}\r\n        {{~inject 'product_featured_count' theme_settings.product_featured_count}}\r\n        {{~inject 'product_top_count' theme_settings.product_top_count}}\r\n        {{~inject 'homepage_blog_posts_count' theme_settings.homepage_blog_posts_count}}\r\n        {{~inject 'product_recently_viewed' theme_settings.product_recently_viewed}}\r\n        {{~inject 'sidebar_shop_by_brand' theme_settings.sidebar_shop_by_brand}}\r\n        {{~inject 'productpage_videos_count' theme_settings.productpage_videos_count}}\r\n        {{~inject 'productpage_reviews_count' theme_settings.productpage_reviews_count}}\r\n        {{~inject 'productpage_related_products_count' theme_settings.productpage_related_products_count}}\r\n        {{~inject 'productpage_similar_by_views_count' theme_settings.productpage_similar_by_views_count}}\r\n        {{~inject 'categorypage_products_per_page' theme_settings.categorypage_products_per_page}}\r\n        {{~inject 'brandpage_products_per_page' theme_settings.brandpage_products_per_page}}\r\n        {{~inject 'categorypage_search' theme_settings.categorypage_search}}\r\n        {{~inject 'categorypage_search_subs' theme_settings.categorypage_search_subs}}\r\n        {{~inject 'instantload' theme_settings.instantload}}\r\n        {{~inject 'navPages_animation' theme_settings.navPages_animation}}\r\n        {{~inject 'show_bulk_order_mode' theme_settings.show_bulk_order_mode}}\r\n        {{~inject 'swatch_option_display_type' theme_settings.swatch_option_display_type}}\r\n        {{~inject 'zoom_size' theme_settings.zoom_size}}\r\n        {{~inject 'product_size' theme_settings.product_size}}\r\n        {{~inject 'product_image_responsive' theme_settings.product_image_responsive}}\r\n        {{~inject 'card_show_swatches' theme_settings.card_show_swatches}}\r\n        {{~inject 'card_swatch_name' theme_settings.card_swatch_name}}\r\n        {{~inject 'productgallery_size' theme_settings.productgallery_size}}\r\n        {{!-- // --}}\r\n        {{~inject 'genericError' (lang 'common.generic_error')}}\r\n        {{~inject 'maintenanceMode' settings.maintenance}}\r\n        {{~inject 'urls' urls}}\r\n        {{~inject 'secureBaseUrl' settings.secure_base_url}}\r\n        {{~inject 'cartId' cart_id}}\r\n        {{~inject 'template' template}}\r\n        {{~inject 'pageType' page_type}}\r\n        {{~inject 'validationDictionaryJSON' (langJson 'validation_messages')}}\r\n        {{~inject 'validationFallbackDictionaryJSON' (langJson 'validation_fallback_messages')}}\r\n        {{~inject 'validationDefaultDictionaryJSON' (langJson 'default_messages')}}\r\n        {{~inject 'ajaxAddToCartEnterQty' (lang 'bulk_order.validate.enter_qty')}}\r\n        {{~inject 'bulkOrderEnterQty' (lang 'bulk_order.validate.enter_qty')}}\r\n        {{~inject 'compareAddonLang_compare' (lang 'common.compare')}}\r\n        {{~inject 'compareAddonLang_quick_view' (lang 'products.quick_view')}}\r\n        {{~inject 'compareAddonLang_remove' (lang 'compare.remove')}}\r\n        {{~inject 'compareAddonLang_clear_all' (lang 'compare.clear_all')}}\r\n        {{~inject 'categoryId' category.id}}\r\n        {{~inject 'loadingImg' (cdn 'img/loading.svg')}}\r\n        {{~inject 'money' settings.money}}\r\n        {{~inject 'graphQLToken' settings.storefront_api.token}}\r\n        {{#if theme_settings.alsobought_position '!==' 'disable'}}\r\n            {{inject 'loginUrl' urls.auth.login}}\r\n            {{inject 'activeCurrencyCode' currency_selector.active_currency_code}}\r\n            {{inject 'defaultCurrencyCode' currency_selector.default_currency_code}}\r\n            {{inject 'defaultProductImage' (cdn theme_settings.default_image_product)}}\r\n            {{inject 'priceWithTaxTxt' (lang 'products.price_with_tax' tax_label=settings.tax_label)}}\r\n            {{inject 'priceWithoutTaxTxt' (lang 'products.price_without_tax' tax_label=settings.tax_label)}}\r\n            {{inject 'includingTaxTxt' (lang 'products.including_tax')}}\r\n            {{inject 'excludingTaxTxt' (lang 'products.excluding_tax')}}\r\n            {{inject 'chooseOptionsTxt' (lang 'products.choose_options')}}\r\n            {{inject 'loginForPriceTxt' (lang 'products.login_for_price')}}\r\n            {{inject 'txtAlsoBoughtNumberArray' (lang 'also_bought.number_array')}}\r\n            {{inject 'txtAlsoBoughtAllNumberArray' (lang 'also_bought.all_number_array')}}\r\n        {{/if}}\r\n        {{~inject 'txtSelectOne' (lang 'products.select_one')}}\r\n        {{{snippet 'htmlhead'}}}\r\n    </head>\r\n    <body class=\"csscolumns supermarket-layout--{{theme_settings.layout}} \r\n        supermarket-style--{{theme_settings.style}}\r\n        {{#startsWith 'account' page_type}}supermarket-pageType--account{{/startsWith}}\r\n        supermarket-pageType--{{dashcase page_type}} \r\n        supermarket-page--{{dashcase template}} \r\n        {{#if theme_settings.hide_content_navigation}}supermarket--hideContentNav{{/if}}\r\n        {{#if product_results.faceted_search_enabled}}has-faceted{{/if}}\r\n        {{#if category.faceted_search_enabled}}has-faceted{{/if}}\r\n        {{#if brands.faceted_search_enabled}}has-faceted{{/if}}\r\n        {{#if brand.faceted_search_enabled}}has-faceted{{/if}}\r\n        {{#if result_count '>' 0}}has-result{{/if}}\r\n        \" id=\"topOfPage\">\r\n\r\n        {{{snippet 'header'}}}\r\n\r\n        <svg data-src=\"{{cdn 'img/icon-sprite.svg'}}\" class=\"icons-svg-sprite\"></svg>\r\n\r\n        {{> components/common/header }}\r\n        {{> components/common/body }}\r\n        {{> components/common/footer }}\r\n\r\n        {{#if in_development}}\r\n        <style>#consent-manager { position: static !important }</style>\r\n        {{/if}}\r\n\r\n        <script>window.__webpack_public_path__ = \"{{cdn 'assets/dist/'}}\";</script>\r\n        <script src=\"{{cdn 'assets/dist/theme-bundle.main.js'}}\"></script>\r\n        <script>\r\n            {{!-- Exported in app.js --}}\r\n            window.stencilBootstrap(\"{{page_type}}\", {{jsContext}}).load();\r\n        </script>\r\n\r\n        {{!-- Third-party widgets advanced settings --}}\r\n        <script>\r\n            if (typeof window.PapaThemesWidgetCustomerReviewsExtraSettings !== 'object') {\r\n                window.PapaThemesWidgetCustomerReviewsExtraSettings = {};\r\n            }\r\n            window.PapaThemesWidgetCustomerReviewsExtraSettings.slidesToShow = {{{theme_settings.widget_reviews_slides}}};\r\n        </script>\r\n\r\n        {{#if theme_settings.show_yotpo}}\r\n            {{> components/yotpo/footer-script}}\r\n        {{/if}}\r\n\r\n\r\n        {{#if theme_settings.show_afterpay_messaging}}\r\n            {{> components/beautify/afterpay}}\r\n        {{/if}}\r\n\r\n        {{{footer.scripts}}}\r\n        {{{snippet 'footer'}}}\r\n    </body>\r\n</html>\r\n",
  "components/common/forms/date": "<div class=\"form-field form-field--date\" id=\"{{id}}\" data-validation=\"{{validation}}\" {{#if private_id}}data-type=\"{{private_id}}\"{{/if}}>\n    <label class=\"form-label\" for=\"{{id}}\" >{{label}}\n    {{#if required}}<small class=\"_required\" title=\"{{lang 'common.required'}}\">{{lang 'common.required_symbol'}}</small>{{/if}}</label>\n    <div class=\"form-row form-row--third\">\n        <div class=\"form-field\">\n            <select class=\"form-select\" name=\"{{month.name}}\" id=\"{{id}}_month\" data-label=\"month\"  aria-required=\"{{required}}\" {{#if private_id}}data-field-type=\"{{private_id}}\"{{/if}}>\n                {{#each month.items}}\n                    <option {{#if ../month.value '==' value}} selected {{/if}}value=\"{{value}}\">{{label}}</option>\n                {{/each}}\n            </select>\n        </div>\n        <div class=\"form-field\">\n            <select class=\"form-select\" name=\"{{day.name}}\" id=\"{{id}}_day\" data-label=\"day\" aria-required=\"{{required}}\" {{#if private_id}}data-field-type=\"{{private_id}}\"{{/if}}>\n                {{#each day.items}}\n                    <option {{#if ../day.value '==' value}} selected {{/if}}value=\"{{value}}\">{{label}}</option>\n                {{/each}}\n            </select>\n        </div>\n        <div class=\"form-field\">\n            <select class=\"form-select\" name=\"{{year.name}}\" id=\"{{id}}_year\" data-label=\"year\" aria-required=\"{{required}}\" {{#if private_id}}data-field-type=\"{{private_id}}\"{{/if}}>\n                {{#each year.items}}\n                    <option {{#if ../year.value '==' value}} selected {{/if}}value=\"{{value}}\">{{label}}</option>\n                {{/each}}\n            </select>\n        </div>\n    </div>\n</div>\n",
  "components/common/forms/checkbox": "<div class=\"form-field\" id=\"{{id}}\" data-validation=\"{{validation}}\" {{#if private_id}}data-type=\"{{private_id}}\"{{/if}}>\n    <label class=\"form-label\" for=\"{{id}}\">{{label}}\n        {{#if required}}\n            <small class=\"_required\" title=\"{{lang 'common.required'}}\">{{lang 'common.required_symbol'}}</small>\n        {{/if}}\n    </label>\n    {{#if checkboxes}}\n        {{#each checkboxes}}\n            <input type=\"checkbox\" value=\"{{value}}\" name=\"{{name}}\" id=\"{{name}}\" data-label=\"{{label}}\" class=\"form-checkbox\" {{#if checked}}checked{{/if}} {{#if private_id}}data-field-type=\"{{private_id}}\"{{/if}}>\n            <label class=\"form-label {{class}}\" for=\"{{name}}\">{{label}}</label>\n        {{/each}}\n    {{/if}}\n</div>\n",
  "components/common/forms/number": "<div class=\"form-field\" id=\"{{id}}\" data-validation=\"{{validation}}\">\n    <label class=\"form-label\" for=\"{{id}}_input\">{{label}}\n        {{#if required}}<small class=\"_required\" title=\"{{lang 'common.required'}}\">{{lang 'common.required_symbol'}}</small>{{/if}}\n    </label>\n    <input type=\"number\" class=\"form-input\" data-label=\"{{label}}\" data-rule=\"lowerThan\" min=\"{{limitfrom}}\" max=\"{{limitto}}\" title=\"{{lang 'forms.range' limitFrom=limitfrom limitTo=limitto}}\" value=\"{{value}}\" id=\"{{id}}_input\" name=\"{{name}}\" aria-required=\"{{required}}\" {{#if private_id}}data-field-type=\"{{private_id}}\"{{/if}}>\n</div>\n",
  "components/common/forms/password": "<div class=\"form-field\" id=\"{{id}}\" data-validation=\"{{validation}}\" {{#if private_id}}data-type=\"{{private_id}}\"{{/if}}>\n    <label class=\"form-label\" for=\"{{id}}_input\">{{label}}\n        {{#if required}}\n            <small class=\"_required\" title=\"{{lang 'common.required'}}\">{{lang 'common.required_symbol'}}</small>\n        {{/if}}\n    </label>\n    <input type=\"password\"  class=\"form-input\" id=\"{{id}}_input\" data-label=\"{{label}}\" name=\"{{name}}\" value=\"{{value}}\" autocomplete=\"off\" aria-required=\"{{required}}\" {{#if private_id}}data-field-type=\"{{private_id}}\"{{/if}}>\n</div>\n",
  "components/common/forms/radio": "<div class=\"form-field\" id=\"{{id}}\" data-validation=\"{{validation}}\">\n    <label class=\"form-label\">{{label}}\n        {{#if required}}\n            <small class=\"_required\" title=\"{{lang 'common.required'}}\">{{lang 'common.required_symbol'}}</small>\n        {{/if}}\n    </label>\n    {{#if radios}}\n        {{#each radios}}\n            <input \n                type=\"radio\"\n                class=\"form-radio\"\n                name=\"{{../name}}\"\n                id=\"{{../name}}_{{@index}}\"\n                value=\"{{value}}\"\n                data-label=\"{{label}}\"\n                aria-required=\"{{../required}}\"\n                {{#if checked}}\n                    checked\n                {{/if}}\n                {{#if private_id}}\n                    data-field-type=\"{{private_id}}\"\n                {{/if}}>\n            <label class=\"form-label\" for=\"{{../name}}_{{@index}}\">{{label}}</label>\n        {{/each}}\n    {{/if}}\n</div>\n",
  "components/common/forms/selectortext": "<div class=\"form-field\" id=\"{{id}}\" data-validation=\"{{validation}}\" {{#if private_id}}data-type=\"{{private_id}}\"{{/if}}>\n    <noscript>\n        <label class=\"form-label\" for=\"{{id}}_input\">{{label}}\n            {{#if required}}<small class=\"_required\" title=\"{{lang 'common.required'}}\">{{lang 'common.required_symbol'}}</small>{{/if}}\n        </label>\n        <input type=\"text\" id=\"{{id}}_input\" name=\"{{name}}\" value=\"{{value}}\" class=\"form-input\" aria-required=\"{{required}}\" data-label=\"{{label}}\" />\n    </noscript>\n\n    <label class=\"form-label\" for=\"{{id}}_select\">{{label}}\n        {{#if required}}\n            <small class=\"_required\" title=\"{{lang 'common.required'}}\">{{lang 'common.required_symbol'}}</small>\n        {{/if}}\n    </label>\n    <select name=\"{{name}}\" class=\"form-select\" aria-required=\"{{required}}\" id=\"{{id}}_select\" data-label=\"{{label}}\" {{#if private_id}}data-field-type=\"{{private_id}}\"{{/if}}>\n        {{#if options}}\n            <option value=\"\">{{chooseprefix}}</option>\n            {{#each options}}\n                <option {{#if selected}} selected {{/if}}value=\"{{value}}\">{{label}}</option>\n            {{/each}}\n        {{/if}}\n    </select>\n</div>\n",
  "components/common/forms/select": "<div class=\"form-field\" id=\"{{id}}\" data-validation=\"{{validation}}\" {{#if private_id}} data-type=\"{{private_id}}\"\n    {{/if}}>\n    <label class=\"form-label\" for=\"{{id}}_select\">{{label}}\n        {{#if required}}<small class=\"_required\" title=\"{{lang 'common.required'}}\">{{lang 'common.required_symbol'}}</small>{{/if}}\n    </label>\n    <select class=\"{{class}} form-select\" id=\"{{id}}_select\" data-label=\"{{label}}\" aria-required=\"{{required}}\" name=\"{{name}}\"\n        {{#if private_id}} data-field-type=\"{{private_id}}\" {{/if}}>\n        {{#if options}}\n        <option value=\"\">{{chooseprefix}}</option>\n        {{#each options}}\n        <option {{#if selected}} selected {{/if}} value=\"{{value}}\">{{{label}}}</option>\n        {{/each}}\n        {{/if}}\n    </select>\n</div>\n",
  "components/common/forms/text": "<div class=\"form-field\" id=\"{{id}}\" data-validation=\"{{validation}}\" {{#if private_id}}data-type=\"{{private_id}}\"{{/if}}>\n    <label class=\"form-label\" for=\"{{id}}_input\">{{label}}\n        {{#if required}}<small class=\"_required\" title=\"{{lang 'common.required'}}\">{{lang 'common.required_symbol'}}</small>{{/if}}\n    </label>\n    <input type=\"text\" id=\"{{id}}_input\" data-label=\"{{label}}\" name=\"{{name}}\" {{#if value}} value=\"{{{sanitize value}}}\"{{/if}} {{#if placeholder}} placeholder=\"{{placeholder}}\"{{/if}} class=\"form-input\" aria-required=\"{{required}}\" {{#if private_id}}data-field-type=\"{{private_id}}\"{{/if}} {{#if maxlength}}maxlength=\"{{maxlength}}\"{{/if}}>\n</div>\n",
  "components/common/polyfill-script": "<script>\n    {{!--\n        Check for modern browser features, and load polyfills if browser does not appear to support features\n        we need.\n\n            Polyfill approach is all or nothing - please import needed polyfills in /assets/js/polyfills.js\n\n        Inspired by https://philipwalton.com/articles/loading-polyfills-only-when-needed/\n            --}}\n    function browserSupportsAllFeatures() {\n        return window.Promise\n            && window.fetch\n            && window.URL\n            && window.URLSearchParams\n            && window.WeakMap\n            // object-fit support\n            && ('objectFit' in document.documentElement.style);\n    }\n\n    function loadScript(src) {\n        var js = document.createElement('script');\n        js.src = src;\n        js.onerror = function () {\n            console.error('Failed to load polyfill script ' + src);\n        };\n        document.head.appendChild(js);\n    }\n\n    if (!browserSupportsAllFeatures()) {\n        loadScript('{{cdn 'assets/dist/theme-bundle.polyfills.js'}}');\n    }\n</script>\n<!-- preload polyfill -->\n<script>!function(n){\"use strict\";n.loadCSS||(n.loadCSS=function(){});var o=loadCSS.relpreload={};if(o.support=function(){var e;try{e=n.document.createElement(\"link\").relList.supports(\"preload\")}catch(t){e=!1}return function(){return e}}(),o.bindMediaToggle=function(t){var e=t.media||\"all\";function a(){t.addEventListener?t.removeEventListener(\"load\",a):t.attachEvent&&t.detachEvent(\"onload\",a),t.setAttribute(\"onload\",null),t.media=e}t.addEventListener?t.addEventListener(\"load\",a):t.attachEvent&&t.attachEvent(\"onload\",a),setTimeout(function(){t.rel=\"stylesheet\",t.media=\"only x\"}),setTimeout(a,3e3)},o.poly=function(){if(!o.support())for(var t=n.document.getElementsByTagName(\"link\"),e=0;e<t.length;e++){var a=t[e];\"preload\"!==a.rel||\"style\"!==a.getAttribute(\"as\")||a.getAttribute(\"data-loadcss\")||(a.setAttribute(\"data-loadcss\",!0),o.bindMediaToggle(a))}},!o.support()){o.poly();var t=n.setInterval(o.poly,500);n.addEventListener?n.addEventListener(\"load\",function(){o.poly(),n.clearInterval(t)}):n.attachEvent&&n.attachEvent(\"onload\",function(){o.poly(),n.clearInterval(t)})}\"undefined\"!=typeof exports?exports.loadCSS=loadCSS:n.loadCSS=loadCSS}(\"undefined\"!=typeof global?global:this);</script>\n",
  "components/common/header": "{{#or banners.top_metadata theme_settings.instantload}}\r\n<div class=\"banners\" data-banner-location=\"top\">\r\n    {{#if settings.data_tag_enabled}}\r\n        {{#each banners.top_metadata}}\r\n            <div class=\"banner\">\r\n                {{{this.content}}}\r\n            </div>\r\n        {{/each}}\r\n    {{else}}\r\n        {{#each banners.top_metadata}}\r\n            <div class=\"banner\" data-event-type=\"promotion\" data-entity-id=\"{{this.id}}\" data-name=\"{{this.banner-name}}\" data-position=\"{{this.location}}\" data-banner-id=\"{{this.banner-name}}\">\r\n                <div data-event-type=\"promotion-click\">\r\n                    {{{this.content}}}\r\n                </div>\r\n            </div>\r\n        {{/each}}\r\n    {{/if}}\r\n</div>\r\n{{/or}}\r\n<header class=\"header\" role=\"banner\" {{#if theme_settings.header_sticky}} data-sticky-header{{/if}}>\r\n    <div class=\"top-navigation-container\">\r\n        <div class=\"store-navigation-container\">\r\n            <div class=\"item\" shp>\r\n                <a target=\"_blank\" href=\"//superhairpieces.ca\">\r\n                    <img src=\"/content/pics/common/shp-logo.png\" alt=\"superhairpieces.ca\">\r\n                    <span class=\"name\">superhairpieces.ca</span>\r\n                </a>\r\n            </div>\r\n            <div class=\"item\" genc>\r\n                <a href=\"//gencbeauty.com\">\r\n                    <img src=\"/content/pics/common/genc-logo.png\" alt=\"gencbeauty.com\">\r\n                    <span class=\"name\">gencbeauty.com</span>\r\n                </a>\r\n            </div>\r\n        </div>        \r\n    </div>    \r\n    <div class=\"beautify__topHeader\">\r\n        <div class=\"container\">\r\n            <div class=\"_announce\">\r\n                {{{region name=\"header_top_announcement--global\"}}}\r\n            </div>\r\n            <div class=\"_user\">\r\n                <a class=\"navUser-action navUser-action1\" href=\"tel:{{settings.phone_number}}\" title=\"{{lang 'header.call_us' phone_number=settings.phone_number}}\">\r\n\r\n                    <svg class=\"icon-top\"><use xlink:href=\"#icon-phone1\" /></svg>\r\n\r\n                    <div class=\"navUser-top--text\">{{lang 'common.call_us'}}</div>\r\n                    <span class=\"_label\">{{{lang 'header.call_us2' phone_number=settings.phone_number}}}</span>\r\n                </a>\r\n                <a class=\"navUser-action navUser-action1\" href=\"mailto:support@gencbeauty.com\" title=\"{{lang 'header.contact_us'}}\">\r\n\r\n                    <svg class=\"icon-top\"><use xlink:href=\"#icon-email1\" /></svg>\r\n\r\n                    <div class=\"navUser-top--text\">{{lang 'common.email_us'}}</div>\r\n                    <span class=\"_label\">{{{lang 'header.contact_us'}}}</span>\r\n                </a>\r\n                <a class=\"navUser-action navUser-action1\" target=\"_blank\" href=\"https://www.google.com/maps/search/?api=1&query=Gen'C+Beauty\" title=\"{{lang 'header.location'}}\">\r\n\r\n                    <svg class=\"icon-top\"><use xlink:href=\"#icon-loc1\" /></svg>\r\n\r\n                    <div class=\"navUser-top--text\">{{lang 'common.location'}}</div>\r\n                    <span class=\"_label\">{{{lang 'header.location'}}}</span>\r\n                </a>\r\n\r\n            </div>\r\n        </div>\r\n    </div>\r\n    <div class=\"beautify__mainHeader{{#if settings.store_logo.image}} _hasImg{{/if}} _{{theme_settings.logo_position}}\">\r\n        <div class=\"container\">\r\n            <a href=\"#\" class=\"mobileMenu-toggle\" data-mobile-menu-toggle=\"menu\">\r\n                <span class=\"mobileMenu-toggleIcon\"><span class=\"_icon\"></span></span>\r\n                <span class=\"_label sr-only\">{{lang 'common.menu'}}</span>\r\n            </a>\r\n            \r\n            {{#if template_file '===' 'pages/home'}}\r\n                <h1 class=\"header-logo{{#if settings.store_logo.image}} _isImg{{/if}}\">\r\n                    {{> components/common/store-logo}}\r\n                </h1>\r\n            {{else}}\r\n                <div class=\"header-logo{{#if settings.store_logo.image}} _isImg{{/if}}\">\r\n                    {{> components/common/store-logo}}\r\n                </div>\r\n            {{/if}}\r\n\r\n            <div class=\"_searchBar\">\r\n                {{> components/common/quick-search}}\r\n            </div>\r\n\r\n            <ul class=\"navUser-section\">\r\n                <li class=\"navUser-item navUser-item--region\">\r\n                    {{{region name=\"header_navuser--global\"}}}\r\n                </li>\r\n                <div class=\"_account navUser-account\">\r\n                    {{#if customer}}\r\n                        <a href=\"{{urls.account.index}}\" class=\"navUser-signIn navUser-action\" title=\"{{lang 'account.breadcrumb'}}\">\r\n\r\n                            <svg class=\"icon\"><use xlink:href=\"#icon-login1\" /></svg>\r\n                            <span class=\"customerLabel\">{{lang 'common.account'}}</span>\r\n\r\n                        </a>\r\n                    {{else}}\r\n                        <a href=\"{{urls.auth.login}}\" class=\"navUser-signIn navUser-action\" title=\"{{lang 'login.heading'}}\">\r\n\r\n                            <svg class=\"icon\"><use xlink:href=\"#icon-login1\" /></svg>\r\n                            <span class=\"customerLabel\">\r\n                                {{lang 'common.login'}}\r\n                                {{#if settings.account_creation_enabled}}\r\n                                    | {{lang 'common.sign_up'}}\r\n                                {{/if}}\r\n                            </span>\r\n                        </a>\r\n                    {{/if}}\r\n                </div>\r\n                <li class=\"navUser-item navUser-item--wishlist\">\r\n                    {{#if customer}}\r\n                    <a class=\"navUser-action\" href=\"{{urls.account.wishlists.all}}\" title=\"{{lang 'header.wishlist'}}\">\r\n\r\n                        <svg class=\"icon\"><use xlink:href=\"#icon-wishlist1\" /></svg>\r\n\r\n                        <span class=\"_label\">{{{lang 'header.wishlist'}}}</span>\r\n                    </a>\r\n                    {{else}}\r\n                    <a class=\"navUser-action\" href=\"{{urls.auth.login}}\" title=\"{{lang 'header.wishlist'}}\">\r\n\r\n                        <svg class=\"icon\"><use xlink:href=\"#icon-wishlist1\" /></svg>\r\n\r\n                        <span class=\"_label\">{{{lang 'header.wishlist'}}}</span>\r\n                    </a>\r\n                    {{/if}}\r\n                </li>\r\n            \r\n                {{#if customer.store_credit.value '>' 0}}\r\n                    <li class=\"navUser-item\">\r\n                        <a class=\"navUser-action navUser-action--storeCredit\"\r\n                            data-dropdown=\"storeCredit-dropdown\"\r\n                            data-options=\"align:bottom\"\r\n                            href=\"{{urls.cart}}\"\r\n                            title=\"{{lang 'common.store_credit_overview' credit=customer.store_credit.formatted}}\">\r\n                            <svg class=\"icon\"><use xlink:href=\"#icon-credit\" /></svg>\r\n                            <span class=\"_label\">{{lang 'common.store_credit_overview' credit=customer.store_credit.formatted}}</span>\r\n                        </a>\r\n                        <div class=\"dropdown-menu\" id=\"storeCredit-dropdown\" data-dropdown-content aria-hidden=\"true\">\r\n                            {{{lang 'common.store_credit' store_credit=customer.store_credit.formatted}}}\r\n                        </div>\r\n                    </li>\r\n                {{/if}}\r\n            \r\n                <li class=\"navUser-item navUser-item--compare\">\r\n                    <a class=\"navUser-action navUser-action--compare\" href=\"{{urls.compare}}\" data-compare-nav title=\"{{lang 'common.compare'}}\">\r\n                        <svg class=\"icon\"><use xlink:href=\"#icon-compare\" /></svg>\r\n                        <span class=\"_label\">{{lang 'common.compare'}} <span class=\"countPill countPill--positive countPill--alt\"></span></span>\r\n                        \r\n                    </a>\r\n                </li>\r\n                \r\n                {{#if settings.gift_certificates_enabled}}\r\n                    <li class=\"navUser-item navUser-item--giftCert\">\r\n                        <a class=\"navUser-action navUser-action--giftCert\" href=\"{{urls.gift_certificate.purchase}}\" title=\"{{lang 'common.gift_cert'}}\">\r\n                            <svg class=\"icon\"><use xlink:href=\"#icon-gift\" /></svg>\r\n                            <span class=\"_label\">{{lang 'common.gift_cert'}}</span>\r\n                        </a>\r\n                    </li>\r\n                {{/if}}\r\n            \r\n                <li class=\"navUser-item navUser-item--cart\">\r\n                    <a\r\n                        class=\"navUser-action navUser-action--cart\"\r\n                        data-cart-preview\r\n                        data-toggle=\"cart-preview-dropdown\"\r\n                        href=\"{{urls.cart}}\"\r\n                        title=\"{{lang 'common.cart'}}\">\r\n                        <svg class=\"icon\"><use xlink:href=\"#icon-cart1\" /></svg>\r\n                        <span class=\"_label\">{{lang 'common.cart'}}</span> <span class=\"countPill cart-quantity\"></span>\r\n                    </a>\r\n                    <div class=\"previewCart-overlay\"></div>\r\n                    <div class=\"dropdown-menu\" id=\"cart-preview-dropdown\" aria-hidden=\"true\"></div>\r\n                </li>\r\n            </ul>\r\n        </div>\r\n    </div>\r\n\r\n    <div class=\"navPages-container\" id=\"menu\" data-menu>\r\n        <div class=\"container\" id=\"bf-fix-menu-mobile\">\r\n            {{> components/beautify/navigation-menu}}\r\n\r\n            <div class=\"beautify__belowMobileMenu\">\r\n                {{{region name=\"footer_below_mobile_menu--global\"}}}\r\n                {{#if in_development}}\r\n                    <div style=\"background-color: #6AC2D2; padding: .75rem 1.5rem\">\r\n                        <a href=\"#\"><img src=\"{{cdn 'img/irish@2x.png'}}\" alt=\"Irish\" width=\"60\" height=\"63\" /></a>\r\n                        <a href=\"#\"><img src=\"{{cdn 'img/trust-ecommerce-europe@2x.png'}}\" alt=\"Trust ecommerce europe\" width=\"64\" height=\"52\" /></a>\r\n                        <a href=\"#\"><img src=\"{{cdn 'img/trustmark@2x.png'}}\" alt=\"Trustmark\" width=\"147\" height=\"52\" /></a>\r\n                        <a href=\"#\"><img src=\"{{cdn 'img/secure-payment@2x.png'}}\" alt=\"Trustmark\" width=\"43\" height=\"52\" /></a>\r\n                    </div>\r\n                {{/if}}\r\n            </div>\r\n        </div>\r\n    </div>\r\n\r\n</header>\r\n\r\n<div class=\"dropdown dropdown--quickSearch\" id=\"quickSearch\" aria-hidden=\"true\" tabindex=\"-1\" data-prevent-quick-search-close>\r\n    <div class=\"container\">\r\n        <section class=\"quickSearchResults\" data-bind=\"html: results\"></section>\r\n    </div>\r\n</div>\r\n<div class=\"papathemes-overlay\"></div>\r\n\r\n{{{region name=\"header_bottom--global\"}}}\r\n{{{region name=\"header_bottom\"}}}\r\n{{{region name=\"header_bottom_product\"}}}\r\n",
  "components/supermarket/common/delay-recaptcha-script": "{{#or forms.contact.recaptcha product.reviews.recaptcha forms.create_account.recaptcha}}\r\n<script>\r\n    {{!--\r\n        Inspired: https://medium.com/snips-ai/how-to-block-third-party-scripts-with-a-few-lines-of-javascript-f0b08b9c4c0\r\n    --}}\r\n    (function() {\r\n        var disabledNodes = [];\r\n        var mo = new MutationObserver(function(mutations) {\r\n            for (var i = 0; i < mutations.length; i++) {\r\n                if (mutations[i].addedNodes) {\r\n                    for (var j = 0; j < mutations[i].addedNodes.length; j++) {\r\n                        var node = mutations[i].addedNodes[j];\r\n                        if (node.nodeType == 1 && node.tagName == 'SCRIPT' && node.src == 'https://www.google.com/recaptcha/api.js') {\r\n                            node.type = 'javascript/blocked';\r\n                            node.addEventListener('beforescriptexecute', function(event) {\r\n                                event.preventDefault();\r\n                            });\r\n                            disabledNodes.push(node);\r\n                        }\r\n                    }\r\n                }\r\n            }\r\n        });\r\n        mo.observe(document.documentElement, { childList: true, subtree: true });\r\n        function load() {\r\n            mo.disconnect();\r\n            for (var i = 0; i < disabledNodes.length; i++) {\r\n                var node = disabledNodes[i];\r\n                var newNode = document.createElement('script');\r\n                newNode.async = true;\r\n                newNode.defer = true;\r\n                newNode.src = node.src;\r\n                node.parentNode.insertBefore(newNode, node);\r\n                node.parentNode.removeChild(node);\r\n            }\r\n        }\r\n        window.addEventListener('DOMContentLoaded', load);\r\n    })();\r\n</script>\r\n{{/or}}\r\n",
  "components/common/body": "<div class=\"body\" data-currency-code=\"{{currency_selector.active_currency_code}}\">\n    {{#block \"hero\"}} {{/block}}\n    <div class=\"container\">\n        {{#block \"page\"}} {{/block}}\n    </div>\n    {{> components/common/modal}}\n    {{> components/common/alert-modal}}\n</div>\n\n<div class=\"scrollToTop\">\n    <a href=\"#topOfPage\" class=\"button button--white u-hiddenVisually\" id=\"scrollToTopFloatingButton\" title=\"{{lang 'common.top_of_page'}}\">\n        <svg class=\"icon\"><use xlink:href=\"#icon-keyboard-arrow-up\"></use></svg>\n    </a>\n</div>\n",
  "components/yotpo/footer-script": "<!-- BEGIN YOTPO WIDGET CODE -->\n<script type=\"text/javascript\">\n(function e(){var e=document.createElement(\"script\");e.type=\"text/javascript\",e.async=true,e.src=\"//staticw2.yotpo.com/sFkLuGzEgtlZ9K23NtA3bY4tL8KKE82qmygsWvKO/widget.js\";var t=document.getElementsByTagName(\"script\")[0];t.parentNode.insertBefore(e,t)})();\n</script>\n<!-- END YOTPO WIDGET CODE -->\n",
  "components/common/footer": "\r\n{{#or banners.bottom theme_settings.instantload}}\r\n    {{#if settings.data_tag_enabled}}\r\n        <div class=\"banners--bottom\" data-banner-location=\"bottom\">\r\n            <div class=\"container\">\r\n                {{#each (limit banners.bottom_metadata 1)}}\r\n                    <div class=\"banner\" data-event-type=\"promotion\" data-entity-id=\"{{this.id}}\" data-name=\"{{this.banner-name}}\" data-position=\"{{this.location}}\" data-name=\"{{this.banner-name}}\">\r\n                        <div data-event-type=\"promotion-click\">\r\n                            {{{this.content}}}\r\n                        </div>\r\n                    </div>\r\n                {{/each}}\r\n            </div>\r\n        </div>\r\n    {{else}}\r\n        <div class=\"banners--bottom\" data-banner-location=\"bottom\">\r\n            <div class=\"container\">\r\n                <div class=\"banner\">\r\n                    {{{limit banners.bottom 1}}}\r\n                </div>\r\n            </div>\r\n        </div>\r\n    {{/if}}\r\n{{/or}}\r\n\r\n{{{region name=\"footer_before\"}}}\r\n{{{region name=\"footer_before--global\"}}}\r\n\r\n{{#all in_development (if page_type '===' 'category')}}\r\n    {{> components/beautify/demo/region-footer-before-category}}\r\n{{/all}}\r\n\r\n{{#and settings.show_newsletter_box theme_settings.footer_show_newsletter}}\r\n    {{> components/beautify/section-home-newsletter}}\r\n{{/and}}\r\n{{{region name=\"footer_below_newsletter\"}}}\r\n{{{region name=\"footer_below_newsletter--global\"}}}\r\n\r\n<footer class=\"footer\" role=\"contentinfo\">\r\n    <h2 class=\"is-srOnly\">{{lang 'footer.footer_start'}}</h2>\r\n    <div class=\"container\">\r\n        <section class=\"footer-info\">\r\n            {{#or theme_settings.footer_show_aboutus theme_settings.social_icon_placement_bottom}}\r\n                <article class=\"footer-info-col footer-info-col--about\" data-section-type=\"storeInfo\">\r\n                    {{#if theme_settings.footer_show_aboutus}}\r\n                        {{#if theme_settings.footer_show_logo}}\r\n                            <h3 class=\"footer-info-heading\">\r\n                                <a href=\"{{urls.home}}\" data-instantload='{\"page\":\"home\"}'>\r\n                                    {{#if settings.store_logo.image}}\r\n                                        {{#if theme_settings.logo_size '===' 'original'}}\r\n                                            <img class=\"footer-logo-image-unknown-size\" src=\"{{getImage settings.store_logo.image 'logo_size'}}\" alt=\"{{settings.store_logo.title}}\" title=\"{{settings.store_logo.title}}\">\r\n                                        {{else}}\r\n                                            <div class=\"footer-logo-image-container\">\r\n                                                <img class=\"footer-logo-image\" src=\"{{getImage settings.store_logo.image 'logo_size'}}\" srcset=\"{{getImageSrcset settings.store_logo.image 1x=theme_settings.logo_size 2x=(concat (multiply (first (split theme_settings.logo_size 'x')) 2) 'w')}}\" alt=\"{{settings.store_logo.title}}\" title=\"{{settings.store_logo.title}}\">\r\n                                            </div>\r\n                                        {{/if}}\r\n                                    {{else}}\r\n                                        <span class=\"footer-logo-text\">{{settings.store_logo.title}}</span>\r\n                                    {{/if}}\r\n                                </a>                        \r\n                            </h3>\r\n                        {{/if}}\r\n                        {{{region name=\"footer_below_logo--global\"}}}\r\n\r\n                        {{#if theme_settings.footer_show_contact}}\r\n                            {{#if theme_settings.footer_aboutus_heading}}\r\n                                <h3 class=\"footer-info-heading\">{{theme_settings.footer_aboutus_heading}}</h3>\r\n                            {{/if}}\r\n                            <ul class=\"footer-info-list _iconList\">\r\n                                {{#if settings.phone_number}}\r\n                                <li><svg class=\"icon\"><use xlink:href=\"#icon-phone3\" /></svg><a href=\"tel:{{settings.phone_number}}\">{{lang 'footer.call_us' phone_number=settings.phone_number}}</a></li>\r\n                                {{/if}}\r\n                                {{#if theme_settings.footer_whatsapp}}\r\n                                    <li><svg class=\"icon\"><use xlink:href=\"#icon-whatsapp\" /></svg><a href=\"mailto:{{theme_settings.footer_whatsapp}}\">{{lang 'footer.whatsapp' whatsapp=theme_settings.footer_whatsapp}}</a></li>\r\n                                {{/if}}\r\n                                {{#if theme_settings.footer_email}}\r\n                                    <li><svg class=\"icon\"><use xlink:href=\"#icon-envelope\" /></svg><a href=\"mailto:{{theme_settings.footer_email}}\">{{theme_settings.footer_email}}</a></li>\r\n                                {{/if}}\r\n                                <li><svg class=\"icon\"><use xlink:href=\"#icon-location\" /></svg><address>{{settings.address}}</address></li>\r\n                            </ul>\r\n                        {{/if}}\r\n                    {{/if}}\r\n\r\n                    {{#if theme_settings.social_icon_placement_bottom}}\r\n                    <h3 class=\"footer-info-heading\">{{lang 'social.connect'}}</h3>\r\n                        {{> components/common/social-links}}\r\n                    {{/if}}\r\n\r\n                    {{{region name=\"footer_below_col1--global\"}}}\r\n                </article>\r\n            {{/or}}\r\n            \r\n\r\n            {{#if theme_settings.footer_show_pages '>' -1}}\r\n                <article class=\"footer-info-col\" data-section-type=\"footer-webPages\">\r\n                    {{#if theme_settings.footer_pages_heading}}\r\n                        <h3 class=\"footer-info-heading\">\r\n                            <a href=\"#\" data-collapsible=\"footer-webPages\" data-collapsible-disabled-breakpoint=\"medium\" data-collapsible-enabled-state=\"closed\" data-collapsible-disabled-state=\"open\" aria-controls=\"footer-webPages\" aria-expanded=\"false\">\r\n                                <svg class=\"icon icon--open\"><use xlink:href=\"#icon-add\" /></svg>\r\n                                <svg class=\"icon icon--close\"><use xlink:href=\"#icon-minus\" /></svg>\r\n                                {{theme_settings.footer_pages_heading}}\r\n                            </a>\r\n                        </h3>\r\n                    {{/if}}\r\n                    {{#if theme_settings.footer_show_pages '>' 0}}\r\n                        <ul class=\"footer-info-list {{#if theme_settings.footer_pages_heading}}_collapsible{{/if}}\" id=\"footer-webPages\">\r\n                            {{#each (limit pages theme_settings.footer_show_pages)}}\r\n                                <li>\r\n                                    <a href=\"{{url}}\">{{name}}</a>\r\n                                </li>\r\n                            {{/each}}\r\n                            {{#if theme_settings.footer_show_pages '>' pages.length}}\r\n                                <li>\r\n                                    <a href=\"{{urls.sitemap}}\">{{lang 'sitemap.page_title'}}</a>\r\n                                </li>\r\n                            {{/if}}\r\n                        </ul>\r\n                    {{/if}}\r\n                    {{{region name=\"footer_below_col2--global\"}}}\r\n                </article>\r\n            {{/if}}\r\n\r\n            {{#if theme_settings.footer_show_categories '>' -1}}\r\n                <article class=\"footer-info-col\" data-section-type=\"footer-categories\">\r\n                    {{#if theme_settings.footer_categories_heading}}\r\n                        <h3 class=\"footer-info-heading\">\r\n                            <a href=\"#\" data-collapsible=\"footer-categories\" data-collapsible-disabled-breakpoint=\"medium\" data-collapsible-enabled-state=\"closed\" data-collapsible-disabled-state=\"open\" aria-controls=\"footer-categories\" aria-expanded=\"false\">\r\n                                <svg class=\"icon icon--open\"><use xlink:href=\"#icon-add\" /></svg>\r\n                                <svg class=\"icon icon--close\"><use xlink:href=\"#icon-minus\" /></svg>\r\n                                {{theme_settings.footer_categories_heading}}\r\n                            </a>\r\n                        </h3>\r\n                    {{/if}}\r\n                    {{#if theme_settings.footer_show_categories '>' 0}}\r\n                        <ul class=\"footer-info-list {{#if theme_settings.footer_categories_heading}}_collapsible{{/if}}\" id=\"footer-categories\">\r\n                            {{#each (limit categories theme_settings.footer_show_categories)}}\r\n                                <li>\r\n                                    <a href=\"{{url}}\">{{name}}</a>\r\n                                </li>\r\n                            {{/each}}\r\n                        </ul>\r\n                    {{/if}}\r\n                    {{{region name=\"footer_below_col3--global\"}}}\r\n                </article>\r\n            {{/if}}\r\n\r\n            {{#if theme_settings.footer_shop_by_brand '>' -1}}\r\n                <article class=\"footer-info-col footer-info-col--brands\" data-section-type=\"footer-brands\">\r\n                    {{#if theme_settings.footer_brands_heading}}\r\n                        <h3 class=\"footer-info-heading\">\r\n                            <a href=\"#\" data-collapsible=\"footer-brands\" data-collapsible-disabled-breakpoint=\"medium\" data-collapsible-enabled-state=\"closed\" data-collapsible-disabled-state=\"open\" aria-controls=\"footer-brands\" aria-expanded=\"false\">\r\n                                <svg class=\"icon icon--open\"><use xlink:href=\"#icon-add\" /></svg>\r\n                                <svg class=\"icon icon--close\"><use xlink:href=\"#icon-minus\" /></svg>\r\n                                {{theme_settings.footer_brands_heading}}\r\n                            </a>\r\n                        </h3>\r\n                    {{/if}}\r\n                    {{#if theme_settings.footer_shop_by_brand '>' 0}}\r\n                        <ul class=\"footer-info-list {{#if theme_settings.footer_brands_heading}}_collapsible{{/if}}\" id=\"footer-brands\">\r\n                            {{#each (limit shop_by_brand theme_settings.footer_shop_by_brand)}}\r\n                                <li>\r\n                                    <a href=\"{{url}}\">{{name}}</a>\r\n                                </li>\r\n                            {{/each}}\r\n                            <li><a href=\"{{urls.brands}}\">{{lang 'common.view_all'}}</a></li>\r\n                        </ul>\r\n                    {{/if}}\r\n                    {{{region name=\"footer_below_col4--global\"}}}\r\n                </article>\r\n            {{/if}}\r\n        </section>\r\n        {{{region name=\"footer_below_columns--global\"}}}\r\n    </div>\r\n\r\n    <div class=\"footer-payments\">\r\n        <div class=\"container\">\r\n            <h3 class=\"footer-info-heading\">{{lang 'footer.accepted_payments'}}</h3>\r\n            {{> components/common/payment-icons}}\r\n            {{> components/beautify/footer-icons}}\r\n        </div>    \r\n    </div>\r\n\r\n    <div class=\"footer-copyright\">\r\n        <div class=\"container\">\r\n            <div class=\"beautify__abovePoweredBy\">\r\n                {{{region name=\"footer_above_powerby--global\"}}}\r\n                {{#if in_development}}\r\n                    <div class=\"_flex\">\r\n                        <div class=\"_logos\">\r\n                            <a href=\"#\"><img src=\"{{cdn 'img/irish@2x.png'}}\" alt=\"Irish\" width=\"60\" height=\"63\" /></a>\r\n                            <a href=\"#\"><img src=\"{{cdn 'img/trust-ecommerce-europe@2x.png'}}\" alt=\"Trust ecommerce europe\" width=\"64\" height=\"52\" /></a>\r\n                            <a href=\"#\"><img src=\"{{cdn 'img/trustmark@2x.png'}}\" alt=\"Trustmark\" width=\"147\" height=\"52\" /></a>\r\n                            <a href=\"#\"><img src=\"{{cdn 'img/secure-payment@2x.png'}}\" alt=\"Trustmark\" width=\"43\" height=\"52\" /></a>\r\n                        </div>\r\n                        <div class=\"_links\">\r\n                            <a href=\"#\">Privacy Policy</a> |\r\n                            <a href=\"#\">Disclaimer</a>\r\n                        </div>\r\n                    </div>\r\n                {{/if}}\r\n            </div>\r\n            <div class=\"powered-by\">\r\n                <div class=\"_col\">\r\n                    {{#if theme_settings.show_copyright_footer}}\r\n                        &copy; <span id=\"copyright_year\"></span> {{settings.store_name}}.\r\n                        <script>\r\n                            document.getElementById(\"copyright_year\").innerHTML = new Date().getFullYear();\r\n                        </script>\r\n                    {{/if}}\r\n                    {{#if theme_settings.show_powered_by}}\r\n                        <br>{{lang 'footer.powered_by'}} <a href=\"http://bigcommerce.com\" rel=\"nofollow\">BigCommerce</a>. Theme designed by <a href=\"https://papathemes.com\" rel=\"nofollow\">Papathemes</a>.\r\n                    {{/if}}\r\n                    {{#if in_development}}\r\n                        <br>{{lang 'footer.powered_by'}} I love Shopping.\r\n                    {{/if}}\r\n                    {{{region name=\"footer_powered_by--global\"}}}\r\n                </div>\r\n                <div class=\"_col\">\r\n                    {{{region name=\"footer_copyright--global\"}}}\r\n                    {{!--\r\n                    {{#if in_development}}\r\n                        <img class=\"_img lazyload\" src=\"data:image/svg+xml,%3Csvg xmlns='http://www.w3.org/2000/svg' width='137' height='40'%3E%3C/svg%3E\" data-src=\"//via.placeholder.com/137x40\" data-sizes=\"auto\" width=\"137\" height=\"40\" alt=\"I Love Shopping\">\r\n                    {{/if}}\r\n                    --}}\r\n                </div>\r\n            </div>\r\n        </div>\r\n    </div>\r\n</footer>\r\n\r\n{{{region name=\"footer_bottom--global\"}}}\r\n",
  "components/beautify/afterpay": "<!-- Begin Afterpay Stencil Snippet for BigCommerce v3.1.0 -->\r\n<script>\r\n    {{#or (if page_type '===' 'product') (if page_type '===' 'cart')}}\r\n        (function(){\r\n        {{#if page_type '===' 'product'}}\r\n            let targetSelector = '.productView .productView-price';\r\n        {{#if product.price.with_tax}}\r\n            let priceSelector = '.productView-price .price--withTax';\r\n            let cachedAmount = '{{product.price.with_tax.value}}';\r\n        {{else}}\r\n            let priceSelector = '.productView-price .price--withoutTax';\r\n            let cachedAmount = '{{product.price.without_tax.value}}';\r\n        {{/if}}\r\n        {{else if page_type '===' 'cart'}}\r\n            let targetSelector = 'ul.cart-totals li.cart-total:last-child';\r\n            let priceSelector = '.cart-total-grandTotal';\r\n            let cachedAmount = '{{cart.grand_total.value}}';\r\n        {{/if}}\r\n            const locales = {\r\n                AUD: 'en_AU',\r\n                NZD: 'en_NZ',\r\n                USD: 'en_US',\r\n            };\r\n            const init = function(){\r\n                Afterpay.createPlacements({\r\n                    targetSelector: targetSelector,\r\n                    attributes: {\r\n                        locale: locales['{{currency_selector.active_currency_code}}'],\r\n                        currency: '{{currency_selector.active_currency_code}}',\r\n                        amount: cachedAmount,\r\n                        size: Afterpay.size.SM,\r\n                        logoType: Afterpay.logoType.LOCKUP,\r\n                        lockupTheme: Afterpay.theme.lockup.BLACK\r\n                    }\r\n                });\r\n            };\r\n            const script = document.createElement('script');\r\n            script.src = \"https://js.afterpay.com/afterpay-1.x.js\";\r\n            script.dataset.min = \"1.00\";\r\n        {{#if currency_selector.active_currency_code \"==\" \"USD\"}}\r\n            script.dataset.max = \"1000.00\";\r\n        {{else}}\r\n            script.dataset.max = \"2000.00\";\r\n        {{/if}}\r\n            script.onload = function () {\r\n                init();\r\n                setInterval(() => {\r\n                    if (cachedAmount != document.querySelector(priceSelector).innerText) {\r\n                       cachedAmount = document.querySelector(priceSelector).innerText;\r\n                       if (document.querySelector('afterpay-placement')) {\r\n                           document.querySelector('afterpay-placement').dataset.amount = cachedAmount;\r\n                       } else {\r\n                           init();\r\n                       }\r\n                    }\r\n                }, 400);\r\n            };\r\n            document.head.appendChild(script);\r\n        })();\r\n    {{/or}}\r\n</script>\r\n<!-- End Afterpay Stencil Snippet for BigCommerce v3.1.0 -->\r\n",
  "components/common/store-logo": "<a href=\"{{urls.home}}\" data-instantload='{\"page\":\"home\"}'>\n    {{#if settings.store_logo.image}}\n        {{#if theme_settings.logo_size '===' 'original'}}\n            <img class=\"header-logo-image-unknown-size\" src=\"{{getImage settings.store_logo.image 'logo_size'}}\" alt=\"{{settings.store_logo.title}}\" title=\"{{settings.store_logo.title}}\">\n        {{else}}\n            <div class=\"header-logo-image-container\">\n                <img class=\"header-logo-image\" src=\"{{getImage settings.store_logo.image 'logo_size'}}\" srcset=\"{{getImageSrcset settings.store_logo.image 1x=theme_settings.logo_size 2x=(concat (multiply (first (split theme_settings.logo_size 'x')) 2) 'w')}}\" alt=\"{{settings.store_logo.title}}\" title=\"{{settings.store_logo.title}}\">\n            </div>\n        {{/if}}\n    {{else}}\n        <span class=\"header-logo-text\">{{settings.store_logo.title}}</span>\n    {{/if}}\n</a>\n",
  "components/common/quick-search": "<div class=\"beautify__quickSearch{{#if style}} beautify__quickSearch--{{style}}{{/if}} is-open\" data-prevent-quick-search-close>\r\n    {{{ snippet \"forms_search\"}}}\r\n    <form class=\"form\" action=\"{{urls.search}}\">\r\n        <fieldset class=\"form-fieldset\">\r\n            <div class=\"form-field\">\r\n                <label class=\"is-srOnly\" for=\"search_query{{#if style '===' 'mobileOnly'}}_mobile{{/if}}\">{{lang \"search.quick_search.input_label\"}}</label>\r\n                <div class=\"form-prefixPostfix searchBar-home\">                    \r\n                    <button type=\"button\" class=\"button _close\" data-quick-search-close><svg class=\"icon\"><use xlink:href=\"#icon-close\"></use></svg><span class=\"sr-only\">{{lang 'common.close'}}</span></button>\r\n                    <button type=\"submit\" class=\"button _submit\"><svg class=\"icon\"><use xlink:href=\"#icon-bs-search\"></use></svg><span class=\"sr-only\">{{lang 'common.search'}}</span></button>\r\n                    <input class=\"form-input\" data-search-quick name=\"search_query\" id=\"search_query{{#if style '===' 'mobileOnly'}}_mobile{{/if}}\" data-error-message=\"{{lang 'search.error.empty_field'}}\" placeholder=\"{{lang 'search.quick_search.input_placeholder'}}\" autocomplete=\"off\">\r\n                </div>\r\n            </div>\r\n        </fieldset>\r\n    </form>\r\n</div>\r\n",
  "components/common/modal": "<div id=\"modal\" class=\"modal\" data-reveal data-prevent-quick-search-close>\n    <a href=\"#\" class=\"modal-close\" aria-label=\"{{lang 'common.close'}}\" role=\"button\">\n        <svg class=\"icon\"><use xlink:href=\"#icon-close\" /></svg>\n    </a>\n    <div class=\"modal-content\"></div>\n    <div class=\"loadingOverlay\"></div>\n</div>\n\n<div id=\"previewModal\" class=\"modal modal--large\" data-reveal>\n    <a href=\"#\" class=\"modal-close\" aria-label=\"{{lang 'common.close'}}\" role=\"button\">\n        <svg class=\"icon\"><use xlink:href=\"#icon-close\" /></svg>\n    </a>\n    <div class=\"modal-content\"></div>\n    <div class=\"loadingOverlay\"></div>\n</div>\n",
  "components/common/alert-modal": "<div id=\"alert-modal\" class=\"modal modal--alert modal--small\" data-reveal data-prevent-quick-search-close>\n    <div class=\"swal2-icon swal2-error swal2-icon-show\"><span class=\"swal2-x-mark\"><span class=\"swal2-x-mark-line-left\"></span><span class=\"swal2-x-mark-line-right\"></span></span></div>\n\n    <div class=\"modal-content\"></div>\n\n    <div class=\"button-container\"><button type=\"button\" class=\"confirm button\" data-reveal-close>OK</button></div>\n</div>\n",
  "components/beautify/navigation-menu": "<nav class=\"navPages\">\r\n    <ul class=\"navPages-list navPages-list1\">\r\n        {{#if theme_settings.navPages_type '==' 'standard'}}\r\n            {{#each categories}}\r\n                <li class=\"navPages-item navPages-item--id-{{id}} navPages-item--standard\">\r\n                    {{> components/beautify/navigation-list theme_settings=../theme_settings menu_type='standard'}}\r\n                </li>\r\n            {{/each}}\r\n        {{else if theme_settings.navPages_type '==' 'column'}}\r\n            {{#each categories}}\r\n                <li class=\"navPages-item navPages-item--id-{{id}} navPages-item--column\">\r\n                    {{> components/beautify/navigation-list theme_settings=../theme_settings menu_type='column'}}\r\n                </li>\r\n            {{/each}}\r\n        {{else}}\r\n            {{#each categories}}\r\n                {{#if ../in_development}}\r\n                    {{#if name '==' 'Shop All'}}\r\n                        <li class=\"navPages-item navPages-item--id-{{id}} navPages-item--standard\">\r\n                            {{> components/beautify/navigation-list theme_settings=../../../theme_settings menu_type='standard'}}\r\n                        </li>\r\n                    {{else}}\r\n                        <li class=\"navPages-item navPages-item--id-{{id}}\">\r\n                            {{> components/beautify/navigation-list theme_settings=../../../theme_settings menu_type='mega'}}\r\n                        </li>\r\n                    {{/if}}\r\n                {{else}}\r\n                    <li class=\"navPages-item navPages-item--id-{{id}}\">\r\n                        {{> components/beautify/navigation-list theme_settings=../../theme_settings menu_type='mega'}}\r\n                    </li>\r\n                {{/if}}\r\n            {{/each}}\r\n        {{/if}}\r\n\r\n        {{#if shop_by_brand.length '>' 1}}\r\n            {{#if theme_settings.sidebar_shop_by_brand '>' 9}}\r\n                <li class=\"navPages-item navPages-item--brand\">\r\n                    <a class=\"navPages-action\" href=\"{{urls.brands}}\" data-instantload>{{lang 'brand.shop_by_brand'}}</a>\r\n                </li>\r\n            {{/if}}\r\n        {{/if}}\r\n    \r\n        {{#unless theme_settings.hide_content_navigation}}\r\n            {{assignVar 'navWebPageCount' 0}}\r\n            {{#each pages}}\r\n                <li class=\"navPages-item navPages-item--page\">\r\n                    {{> components/beautify/navigation-list theme_settings=../theme_settings menu_type='standard' page_type='page'}}\r\n                </li>\r\n            {{/each}}\r\n        {{/unless}}\r\n    </ul>\r\n\r\n    <ul class=\"navPages-list navPages-list--user\">\r\n        {{#if customer}}\r\n            <li class=\"navPages-item\">\r\n                <a class=\"navPages-action-toggle\" href=\"#\"\r\n                    data-collapsible=\"navPages-account\"\r\n                    data-collapsible-disabled-breakpoint=\"medium\"\r\n                    data-collapsible-disabled-state=\"open\"\r\n                    data-collapsible-enabled-state=\"closed\">\r\n                    <span class=\"_more\">{{lang 'common.nav_more'}} <svg class=\"icon\"><use xlink:href=\"#icon-add\"></use></svg></span>\r\n                    <span class=\"_less\">{{lang 'common.nav_less'}} <svg class=\"icon\"><use xlink:href=\"#icon-minus\"></use></svg></span>\r\n                </a>\r\n                <a class=\"navPages-action has-subMenu\" href=\"{{urls.account.index}}\" data-collapsible=\"navPages-account\">\r\n                    {{lang 'common.account'}}\r\n                </a>\r\n                <div class=\"navPage-subMenu\" id=\"navPages-account\" aria-hidden=\"true\" tabindex=\"-1\">\r\n                    <ul class=\"navPage-subMenu-list\">\r\n                        <li class=\"navPage-subMenu-item\">\r\n                            <a class=\"navPage-subMenu-action\" href=\"{{urls.account.orders.all}}\">{{lang 'account.nav.orders'}}</a>\r\n                        </li>\r\n                        {{#if settings.returns_enabled}}\r\n                            <li class=\"navPage-subMenu-item\">\r\n                                <a class=\"navPage-subMenu-action\" href=\"{{urls.account.returns}}\">{{lang 'account.nav.returns'}}</a>\r\n                            </li>\r\n                        {{/if}}\r\n                        <li class=\"navPage-subMenu-item\">\r\n                            <a class=\"navPage-subMenu-action\" href=\"{{urls.account.inbox}}\">{{lang 'account.mobile_nav.messages'}}</a>\r\n                        </li>\r\n                        <li class=\"navPage-subMenu-item\">\r\n                            <a class=\"navPage-subMenu-action\" href=\"{{urls.account.addresses}}\">{{lang 'account.nav.addresses'}}</a>\r\n                        </li>\r\n                        {{#if settings.show_payment_methods}}\r\n                            <li class=\"navPage-subMenu-item\">\r\n                                <a class=\"navPage-subMenu-action\" href=\"{{urls.account.payment_methods.all}}\">{{lang 'account.nav.payment_methods'}}</a>\r\n                            </li>\r\n                        {{/if}}\r\n                        <li class=\"navPage-subMenu-item\">\r\n                            <a class=\"navPage-subMenu-action\" href=\"{{urls.account.wishlists.all}}\">{{lang 'account.mobile_nav.wishlists'}}</a>\r\n                        </li>\r\n                        <li class=\"navPage-subMenu-item\">\r\n                            <a class=\"navPage-subMenu-action\" href=\"{{urls.account.recent_items}}\">{{lang 'account.nav.recently_viewed'}}</a>\r\n                        </li>\r\n                        <li class=\"navPage-subMenu-item\">\r\n                            <a class=\"navPage-subMenu-action\" href=\"{{urls.account.details}}\">{{lang 'account.nav.settings'}}</a>\r\n                        </li>\r\n                    </ul>\r\n                </div>\r\n            </li>\r\n            <li class=\"navPages-item navPages-item--logout\">\r\n                <a class=\"navPages-action\" href=\"{{urls.auth.logout}}\">{{lang 'common.logout'}}</a>\r\n            </li>\r\n        {{else}}\r\n            <li class=\"navPages-item\">\r\n                <a class=\"navPages-action\" href=\"{{urls.auth.login}}\">{{lang 'common.login'}}</a>\r\n            </li>\r\n            {{#if settings.account_creation_enabled}}\r\n                <li class=\"navPages-item\">\r\n                    <a class=\"navPages-action\" href=\"{{urls.auth.create_account}}\">{{lang 'common.sign_up'}}</a>\r\n                </li>\r\n            {{/if}}\r\n        {{/if}}\r\n    </ul>\r\n\r\n\r\n    <ul class=\"navPages-list navPages-list--user\">        \r\n        {{#if settings.gift_certificates_enabled}}\r\n            <li class=\"navPages-item\">\r\n                <a class=\"navPages-action\" href=\"{{urls.gift_certificate.purchase}}\">{{lang 'common.gift_cert'}}</a>\r\n            </li>\r\n        {{/if}}\r\n        {{#if customer.store_credit.value '>' 0}}\r\n            <li class=\"navPages-item\">\r\n                <a class=\"navPages-action navPages-action--storeCredit\">\r\n                    {{lang 'common.store_credit_overview' credit=customer.store_credit.formatted}}\r\n                </a>\r\n            </li>\r\n        {{/if}}\r\n        {{#if theme_settings.product_list_display_mode '==' 'list'}}\r\n            <li class=\"navPages-item\">\r\n                <a class=\"navPages-action navPages-action--compare\" href=\"{{urls.compare}}\" data-compare-nav>{{lang 'common.compare'}} <span class=\"countPill countPill--positive countPill--alt\"></span></a>\r\n            </li>\r\n        {{/if}}        \r\n\r\n        {{#if settings.phone_number}}\r\n            <li class=\"navPages-item1\">\r\n                <a class=\"navPages-action\" href=\"tel:{{settings.phone_number}}\">\r\n                    <svg class=\"icon-top\"><use xlink:href=\"#icon-phone2\" /></svg>\r\n                    {{lang 'header.call_us3' phone_number=settings.phone_number}}\r\n                </a>\r\n            </li>\r\n        {{/if}}\r\n        <li class=\"navPages-item1\">\r\n            <a class=\"navPages-action\" href=\"mailto:support@gencbeauty.com\">\r\n                <svg class=\"icon-top\"><use xlink:href=\"#icon-email2\" /></svg>\r\n                support<span class=\"email\">@</span>gencbeauty.com\r\n            </a>\r\n        </li>\r\n        {{#if theme_settings.topHeader-location}}\r\n            <li class=\"navPages-item1\">\r\n                <a class=\"navPages-action\" href=\"https://www.google.com/maps/search/?api=1&query=Gen%27C+Beauty\">\r\n                    <svg class=\"icon-top\"><use xlink:href=\"#icon-loc2\" /></svg>\r\n                    {{theme_settings.topHeader-location}}\r\n                </a>\r\n            </li>\r\n        {{/if}}\r\n    </ul>\r\n</nav>\r\n",
  "components/beautify/demo/region-footer-before-category": "<style>\r\n    .inhealth__footerBeforeCategoryDemo {\r\n        font-size: 16px;\r\n        background-color: #EFFBFD;\r\n    }\r\n    .inhealth__footerBeforeCategoryDemo ._col2 {\r\n        padding: .75rem;\r\n        margin-top: 1.5rem;\r\n    }\r\n    .inhealth__footerBeforeCategoryDemo ._heading {\r\n        margin-top: 0;\r\n        margin-bottom: 1.5rem;\r\n        font-size: 26px;\r\n    }\r\n    .inhealth__footerBeforeCategoryDemo ._imgList img {\r\n        margin-right: 1.5rem;\r\n        margin-bottom: 1.5rem;\r\n    }\r\n    .inhealth__footerBeforeCategoryDemo p:last-child {\r\n        margin-bottom: 0;\r\n    }\r\n    @media (min-width: 801px) {\r\n        .inhealth__footerBeforeCategoryDemo {\r\n            display: flex;\r\n            font-size: 18px;\r\n            align-items: stretch;\r\n        }\r\n        .inhealth__footerBeforeCategoryDemo ._col1 {\r\n            width: 33.3333%;\r\n        }\r\n        .inhealth__footerBeforeCategoryDemo ._col1 img {\r\n            width: 100%;\r\n            height: 100%;\r\n            object-fit: cover;\r\n        }\r\n        .inhealth__footerBeforeCategoryDemo ._col2 {\r\n            width: 66.6666%;\r\n            margin-top: 0;\r\n            padding: 2rem 3rem;\r\n        }\r\n        .inhealth__footerBeforeCategoryDemo ._heading {\r\n            font-size: 30px;\r\n        }\r\n        \r\n    }\r\n</style>\r\n<div class=\"inhealth__footerBeforeCategoryDemo\">\r\n    <div class=\"_col1\">\r\n        <img class=\"lazyload\" src=\"data:image/svg+xml,%3Csvg xmlns='http://www.w3.org/2000/svg' width='623' height='490'%3E\" data-src=\"https://via.placeholder.com/623x490\" width=\"623\" height=\"490\" alt=\"623x490\" />\r\n    </div>\r\n    <div class=\"_col2\">\r\n        <h3 class=\"_heading\">Award-winning baby sleep products</h3>\r\n        <p>We are all familiar with the expression ‘to sleep like a baby’ – and yet, as any new parent will attest to, it can be extraordinarily difficult to get a baby to sleep! No fear: you’ve come to the right place. At InHealth.ie you will find a fantastic selection of award-winning baby sleep products: from cots and cribs (including award-winning co-sleepers) to baby monitors (sound, video and movement) for peace of mind, we’ve got you covered.</p>\r\n        <p>We also have a huge variety of sleep accessories available, including the cosiest Grobags to keep baby warm, and a wide range of Night Lights and Sleeping Comforters for safety and comfort. Room too bright? The Gro-Anywhere Blind will take care of that, whether at home or on the go. Room too hot, or too cold? Find out for sure with the GroEgg Room Thermometer. Ensure you have everything in place to secure the most relaxing sleeping conditions for both baby and yourself. Order now direct from Ireland!</p>\r\n        <p class=\"_imgList\">\r\n            <img class=\"lazyload\" src=\"data:image/svg+xml,%3Csvg xmlns='http://www.w3.org/2000/svg' width='70' height='70'%3E\" data-src=\"https://via.placeholder.com/70x70\" width=\"70\" height=\"70\" alt=\"70x70\" />\r\n            <img class=\"lazyload\" src=\"data:image/svg+xml,%3Csvg xmlns='http://www.w3.org/2000/svg' width='70' height='70'%3E\" data-src=\"https://via.placeholder.com/70x70\" width=\"70\" height=\"70\" alt=\"70x70\" />\r\n            <img class=\"lazyload\" src=\"data:image/svg+xml,%3Csvg xmlns='http://www.w3.org/2000/svg' width='70' height='70'%3E\" data-src=\"https://via.placeholder.com/70x70\" width=\"70\" height=\"70\" alt=\"70x70\" />\r\n            <img class=\"lazyload\" src=\"data:image/svg+xml,%3Csvg xmlns='http://www.w3.org/2000/svg' width='70' height='70'%3E\" data-src=\"https://via.placeholder.com/70x70\" width=\"70\" height=\"70\" alt=\"70x70\" />\r\n            <img class=\"lazyload\" src=\"data:image/svg+xml,%3Csvg xmlns='http://www.w3.org/2000/svg' width='70' height='70'%3E\" data-src=\"https://via.placeholder.com/70x70\" width=\"70\" height=\"70\" alt=\"70x70\" />\r\n        </p>\r\n    </div>\r\n</div>\r\n",
  "components/common/social-links": "{{#if social_media}}\n    <ul class=\"socialLinks {{#if style}}socialLinks--{{style}}{{/if}}\">\n        {{#each social_media}}\n            <li class=\"socialLinks-item\">\n                <a class=\"icon icon--{{display_name}}\" href=\"{{url}}\" target=\"_blank\" rel=\"noopener\" title=\"{{capitalize display_name}}\">\n                    <svg><use xlink:href=\"#icon-{{display_name}}\" /></svg>\n                </a>\n            </li>\n        {{/each}}\n    </ul>\n{{/if}}\n",
  "components/common/payment-icons": "{{#with theme_settings}}\r\n    <div class=\"footer-payment-icons\">\r\n        {{#if show_accept_amex}}\r\n            <svg class=\"footer-payment-icon\"><use xlink:href=\"#icon-logo-american-express{{#if payment_icons_style}}{{#if payment_icons_style '!=' 'flat'}}-{{payment_icons_style}}{{/if}}{{/if}}\"></use></svg>\r\n        {{/if}}\r\n        {{#if show_accept_discover}}\r\n            <svg class=\"footer-payment-icon\"><use xlink:href=\"#icon-logo-discover{{#if payment_icons_style}}{{#if payment_icons_style '!=' 'flat'}}-{{payment_icons_style}}{{/if}}{{/if}}\"></use></svg>\r\n        {{/if}}\r\n        {{#if show_accept_mastercard}}\r\n            <svg class=\"footer-payment-icon\"><use xlink:href=\"#icon-logo-mastercard{{#if payment_icons_style}}{{#if payment_icons_style '!=' 'flat'}}-{{payment_icons_style}}{{/if}}{{/if}}\"></use></svg>\r\n        {{/if}}\r\n        {{#if show_accept_paypal}}\r\n            <svg class=\"footer-payment-icon\"><use xlink:href=\"#icon-logo-paypal{{#if payment_icons_style}}{{#if payment_icons_style '!=' 'flat'}}-{{payment_icons_style}}{{/if}}{{/if}}\"></use></svg>\r\n        {{/if}}\r\n        {{#if show_accept_visa}}\r\n            <svg class=\"footer-payment-icon\"><use xlink:href=\"#icon-logo-visa{{#if payment_icons_style}}{{#if payment_icons_style '!=' 'flat'}}-{{payment_icons_style}}{{/if}}{{/if}}\"></use></svg>\r\n        {{/if}}\r\n        {{#if show_accept_applepay}}\r\n            <svg class=\"footer-payment-icon\"><use xlink:href=\"#icon-logo-applepay{{#if payment_icons_style}}{{#if payment_icons_style '!=' 'flat'}}-{{payment_icons_style}}{{/if}}{{/if}}\"></use></svg>\r\n        {{/if}}\r\n        {{#if show_accept_amazon}}\r\n            <svg class=\"footer-payment-icon\"><use xlink:href=\"#icon-logo-amazon{{#if payment_icons_style}}{{#if payment_icons_style '!=' 'flat'}}-{{payment_icons_style}}{{/if}}{{/if}}\"></use></svg>\r\n        {{/if}}\r\n        {{#if show_accept_googlepay}}\r\n            <svg class=\"footer-payment-icon\"><use xlink:href=\"#icon-logo-googlepay{{#if payment_icons_style}}{{#if payment_icons_style '!=' 'flat'}}-{{payment_icons_style}}{{/if}}{{/if}}\"></use></svg>\r\n        {{/if}}\r\n        {{#if show_accept_klarna}}\r\n            <svg class=\"footer-payment-icon\"><use xlink:href=\"#icon-logo-klarna{{#if payment_icons_style}}{{#if payment_icons_style '!=' 'flat'}}-{{payment_icons_style}}{{/if}}{{/if}}\"></use></svg>\r\n        {{/if}}\r\n        {{{region name=\"footer_payment_icons--global\"}}}\r\n    </div>\r\n{{/with}}\r\n",
  "components/beautify/section-home-newsletter": "{{#if settings.show_newsletter_box}}\n    <div class=\"beautify__section {{#if index}}beautify__section--index{{index}}{{/if}} beautify__newsletter\">\n        {{#if theme_settings.footer-secondary-backgroundImg '==' 'cosmetics'}}\n            {{> components/common/responsive-img-url image=(cdn 'img/beautify/cosmetic-newsletter-bg.jpg') alt=(lang 'newsletter.subscribe') class=\"_bgImg\"}}\n        {{else if theme_settings.footer-secondary-backgroundImg '==' 'custom'}}\n            {{#if theme_settings.footer-secondary-backgroundImgFile}}\n                {{> components/common/responsive-img-url image=(getImageManagerImage theme_settings.footer-secondary-backgroundImgFile) alt=(lang 'newsletter.subscribe') class=\"_bgImg\"}}\n            {{/if}}\n        {{/if}}\n        <div class=\"container\">\n            <h2 class=\"page-heading\">{{theme_settings.newsletter_heading}}</h2>\n            {{#if settings.show_newsletter_summary}}\n                {{#if settings.newsletter_summary}}\n                    <p>{{{settings.newsletter_summary}}}</p>\n                {{else if in_development}}\n                    <p>Sign up for our newsletter and get the latest updates on new products and upcoming sales</p>\n                {{/if}}\n            {{/if}}\n            <form class=\"form\" action=\"{{urls.subscribe.action}}\" method=\"post\">\n                <fieldset class=\"form-fieldset\">\n                    <input type=\"hidden\" name=\"action\" value=\"subscribe\">\n                    <input type=\"hidden\" name=\"nl_first_name\" value=\"bc\">\n                    <input type=\"hidden\" name=\"check\" value=\"1\">\n                    <div class=\"form-field\">\n                        <label class=\"form-label is-srOnly\" for=\"nl_email\">{{lang 'common.email_address'}}</label>\n                        <input class=\"form-input\" id=\"nl_email\" name=\"nl_email\" type=\"email\" value=\"{{customer.email}}\" placeholder=\"{{lang 'newsletter.email_placeholder'}}\">\n                        <button class=\"button\" type=\"submit\">{{lang 'newsletter.subscribe_submit'}}</button>\n                    </div>\n                </fieldset>\n            </form>\n        </div>\n    </div>\n{{/if}}\n",
  "components/beautify/footer-icons": "<div class=\"beautify__footerIcons\">\n    {{{region name=\"ssl_site_seal--global\"}}}\n    {{#if in_development}}\n        <img src=\"{{cdn 'img/iloveshopping.png'}}\" alt=\"I love shopping\" width=\"147\" height=\"40\" />\n    {{/if}}\n</div>\n",
  "components/beautify/navigation-list": "{{#if children}}\n<a class=\"navPages-action-toggle\" href=\"#\"\n    data-collapsible=\"navPages-{{#if page_type '==' 'page'}}page-{{getVar 'navWebPageCount'}}{{/if}}{{id}}{{idSuffix}}\">\n    <span class=\"_more\">{{lang 'common.nav_more'}} <svg class=\"icon\"><use xlink:href=\"#icon-add\"></use></svg></span>\n    <span class=\"_less\"><svg class=\"icon\"><use xlink:href=\"#icon-arrow-left\"></use></svg> {{lang 'common.nav_back'}}</span>\n</a>\n<a class=\"navPages-action has-subMenu {{#if menu_type '==' 'vertical'}}navPages-action--vertical{{/if}}\" href=\"{{url}}\"\n    href=\"{{url}}\"\n    {{#if menu_type '!=' 'vertical'}}data-instantload{{/if}}\n    {{#if id '==' category.id}}data-current-category{{/if}}\n>{{name}}</a>\n<a class=\"navPages-action-toggle-desktop\" href=\"#\" data-collapsible=\"navPages-{{#if page_type '==' 'page'}}page-{{getVar 'navWebPageCount'}}{{/if}}{{id}}{{idSuffix}}\" title=\"{{lang 'common.nav_more'}}\"><svg class=\"icon\"><use xlink:href=\"#icon-caret-down\"></use></svg></a>\n<div class=\"navPage-subMenu\n        {{#if menu_type '==' 'vertical'}}\n            navPage-subMenu--vertical\n        {{else if menu_type '==' 'standard'}}\n            navPage-subMenu--standard\n        {{else if menu_type '==' 'column'}}\n            navPage-subMenu--column\n        {{/if}}\n    \" id=\"navPages-{{#if page_type '==' 'page'}}page-{{getVar 'navWebPageCount'}}{{/if}}{{id}}{{idSuffix}}\">\n    <ul class=\"navPage-subMenu-list\">\n        {{#each children}}\n            <!-- {{incrementVar 'navWebPageCount'}} -->\n            <li class=\"navPage-subMenu-item\">\n                {{#if children}}\n                    <a class=\"navPages-action-toggle\" href=\"#\"\n                        data-collapsible=\"navPages-{{#if ../../page_type '==' 'page'}}page-{{getVar 'navWebPageCount'}}{{/if}}{{id}}{{../../idSuffix}}\">\n                        <span class=\"_more\">{{lang 'common.nav_more'}} <svg class=\"icon\"><use xlink:href=\"#icon-add\"></use></svg></span>\n                        <span class=\"_less\">{{lang 'common.nav_less'}} <svg class=\"icon\"><use xlink:href=\"#icon-minus\"></use></svg></span>\n                    </a>\n                    <a\n                        class=\"navPage-subMenu-action has-subMenu\"\n                        href=\"{{url}}\"\n                        {{#if ../../menu_type '!=' 'vertical'}}data-instantload{{/if}}\n                        {{#if id '==' ../../category.id}}data-current-category{{/if}}\n                    >{{name}}</a>\n                    <a class=\"navPages-action-toggle-desktop\" href=\"#\" data-collapsible=\"navPages-{{#if ../../page_type '==' 'page'}}page-{{getVar 'navWebPageCount'}}{{/if}}{{id}}{{../../idSuffix}}\" title=\"{{lang 'common.nav_more'}}\"><svg class=\"icon\"><use xlink:href=\"#icon-caret-down\"></use></svg></a>\n                    <ul class=\"navPage-childList\" id=\"navPages-{{#if ../../page_type '==' 'page'}}page-{{getVar 'navWebPageCount'}}{{/if}}{{id}}{{../../idSuffix}}\">\n                        {{#each children}}\n                            <!-- {{incrementVar 'navWebPageCount'}} -->\n                            <li class=\"navPage-childList-item\">\n                                {{> components/beautify/navigation-list-child \n                                        category_id=../../../category.id \n                                        idSuffix=../../../idSuffix \n                                        theme_settings=../../../theme_settings\n                                        menu_type=../../../menu_type\n                                        page_type=../../../page_type}}\n                            </li>\n                        {{/each}}\n                        {{!--\n                        <!--\n                        {{#if ../../menu_type '==' 'mega'}}\n                            <li class=\"navPage-childList-item\">\n                                <a class=\"navPage-childList-action\" href=\"{{url}}\" data-instantload>{{lang 'common.view_all'}}</a>\n                            </li>\n                        {{/if}}\n                        -->\n                        --}}\n                    </ul>\n                {{else}}\n                    <a class=\"navPage-subMenu-action\" href=\"{{url}}\" data-instantload {{#if id '==' ../../category.id}}data-current-category{{/if}}>{{name}}</a>\n                {{/if}}\n            </li>\n        {{/each}}\n    </ul>\n</div>\n{{else}}\n<a class=\"navPages-action\" href=\"{{url}}\" data-instantload {{#if id '==' category.id}}data-current-category{{/if}}>{{name}}</a>\n{{/if}}\n",
  "components/common/responsive-img-url": "<img\n    {{#if lazyload '==' 'disabled'}}\n        src=\"{{image}}\" \n    {{else}}\n        data-sizes=\"auto\"\n        src=\"data:image/gif;base64,R0lGODlhAQABAIAAAP///wAAACH5BAEAAAAALAAAAAABAAEAAAICRAEAOw==\" \n        data-src=\"{{image}}\"\n    {{/if}}\n    class=\"{{#unless lazyload '==' 'disabled'}}lazyload{{/unless}}{{#if class}} {{class}}{{/if}}\"\n    alt=\"{{alt}}\"\n    title=\"{{alt}}\"\n/>\n",
  "components/beautify/navigation-list-child": "{{#if children}}\n    <a class=\"navPages-action-toggle\" href=\"#\"\n        data-collapsible=\"navPages-{{#if page_type '==' 'page'}}page-{{getVar 'navWebPageCount'}}{{/if}}{{id}}{{idSuffix}}\">\n        <span class=\"_more\">{{lang 'common.nav_more'}} <svg class=\"icon\"><use xlink:href=\"#icon-add\"></use></svg></span>\n        <span class=\"_less\">{{lang 'common.nav_less'}} <svg class=\"icon\"><use xlink:href=\"#icon-minus\"></use></svg></span>\n    </a>\n    <a\n        class=\"navPage-childList-action has-subMenu\" \n        href=\"{{url}}\"\n        {{#if menu_type '!=' 'vertical'}}data-instantload{{/if}}\n        {{#if id '==' category_id}}data-current-category{{/if}}\n    >{{name}}</a>\n    <a class=\"navPages-action-toggle-desktop\" href=\"#\" data-collapsible=\"navPages-{{#if page_type '==' 'page'}}page-{{getVar 'navWebPageCount'}}{{/if}}{{id}}{{idSuffix}}\" title=\"{{lang 'common.nav_more'}}\"><svg class=\"icon\"><use xlink:href=\"#icon-caret-down\"></use></svg></a>\n    <ul class=\"navPage-childList\" id=\"navPages-{{#if page_type '==' 'page'}}page-{{getVar 'navWebPageCount'}}{{/if}}{{id}}{{idSuffix}}\">\n        {{#each children}}\n            <!-- {{incrementVar 'navWebPageCount'}} -->\n            <li class=\"navPage-childList-item\">\n                {{> components/beautify/navigation-list-child \n                    category_id=../category_id \n                    idSuffix=../idSuffix \n                    theme_settings=../theme_settings\n                    menu_type=../menu_type}}\n            </li>\n        {{/each}}\n    </ul>\n{{else}}\n    <a class=\"navPage-childList-action\" data-instantload href=\"{{url}}\" {{#if id '==' category_id}}data-current-category{{/if}}>{{name}}</a>\n{{/if}}\n"
}